Date,close,High,Low,Open,Volume
05-03-2020,71.0855484,72.69450423,70.71910068,71.71650799,187572800
06-03-2020,70.14151001,70.57590749,68.2486168,68.43547696,226176800
09-03-2020,64.5938797,67.48660955,63.82458393,64.0065932,286744800
10-03-2020,69.24602509,69.51297347,65.37044115,67.25606173,285290000
11-03-2020,66.84108734,68.24620108,65.97472138,67.3167436,255598800
12-03-2020,60.2402153,65.52333888,60.18440016,62.11127227,418474000
13-03-2020,67.45748901,67.93071608,61.38565876,64.28325062,370732000
16-03-2020,58.77929306,62.87328366,58.24297074,58.71619414,322423600
17-03-2020,61.36381912,62.5165408,57.85467875,60.06548484,324056000
18-03-2020,59.8616333,60.66975488,57.54404792,58.18714955,300233600
19-03-2020,59.40297699,61.35896952,58.8763639,60.03636945,271857200
20-03-2020,55.63174438,61.113863,55.33082104,59.98540325,401693200
23-03-2020,54.44989014,55.45215567,51.59598622,55.35023092,336752800
24-03-2020,59.91260147,60.1091709,56.85969876,57.35961698,287531200
25-03-2020,59.58255768,62.67186076,59.28648896,60.85176799,303602000
26-03-2020,62.7179718,62.7762124,59.78640855,59.82523808,252087200
27-03-2020,60.12130356,62.09428153,59.95385444,61.33712415,204216800
30-03-2020,61.83703995,62.00934368,60.52414557,60.84933827,167976400
31-03-2020,61.71085358,63.70082103,61.15512019,62.02876624,197002000
01-04-2020,58.46380997,60.35913273,58.03184156,59.82038495,176218400
02-04-2020,59.43936539,59.49275506,57.49065332,58.32546967,165934000
03-04-2020,58.58514786,59.62623931,57.99301041,58.92247157,129880000
06-04-2020,63.695961,63.85127172,60.5192936,60.88816303,201820400
07-04-2020,62.95822906,65.93590598,62.85387884,65.71748889,202887200
08-04-2020,64.5696106,64.88509037,63.39504499,63.76148529,168895200
09-04-2020,65.03556061,65.54033721,64.23715181,65.20786808,161834800
13-04-2020,66.31204224,66.42125076,64.51136065,65.11320728,131022800
14-04-2020,69.66101074,69.95222853,67.47689953,67.95012659,194994800
15-04-2020,69.025177,69.48626556,68.10299989,68.53253899,131154400
16-04-2020,69.5736618,69.94010956,68.52043555,69.74111095,157125200
17-04-2020,68.62965393,69.63677823,67.18813933,69.08832103,215250000
20-04-2020,67.20510864,68.35783415,67.18569758,67.45264602,130015200
21-04-2020,65.12776184,67.28275254,64.41428499,67.04735361,180991600
22-04-2020,67.003685,67.44050431,66.05723821,66.39940915,116862400
23-04-2020,66.74401093,68.37481424,66.70518139,66.94786041,124814400
24-04-2020,68.67087555,68.68058478,67.22208165,67.27062041,126161200
27-04-2020,68.71942902,69.05189813,67.93800219,68.3869525,117087600
28-04-2020,67.60551453,69.36493733,67.51330272,69.18292807,112004800
29-04-2020,69.82604218,70.2968401,68.89415556,69.09800506,137280800
30-04-2020,71.29910278,71.47626116,69.97650639,70.36721611,183064000
01-05-2020,70.1512146,72.5610151,69.36978799,69.4668581,240616800
04-05-2020,71.14378357,71.27240316,69.48385993,70.17549663,133568000
05-05-2020,72.21157837,73.0463949,71.45927182,71.60488074,147751200
06-05-2020,72.956604,73.58999277,72.52948651,72.91534531,142333600
07-05-2020,73.7113266,74.05836324,73.28178738,73.58513617,115215200
08-05-2020,75.46577454,75.51930874,74.04469357,74.37319857,133838400
11-05-2020,76.65326691,77.14966694,74.76254165,74.97181445,145946400
12-05-2020,75.7772522,77.79207365,75.65558422,77.3394649,162301200
13-05-2020,74.86231232,76.88200539,73.78189998,75.95732422,200622400
14-05-2020,75.32221222,75.38304621,73.37308888,74.09823268,158929200
15-05-2020,74.87691498,74.92314941,73.05189506,73.08596567,166348400
18-05-2020,76.64109039,77.01582984,75.51201542,76.20552438,135178400
19-05-2020,76.19822693,77.50736817,76.16659207,76.65812804,101729600
20-05-2020,77.68013,77.75069208,77.0206843,77.05961894,111504800
21-05-2020,77.10099792,78.08407725,76.86252602,77.5414354,102688800
22-05-2020,77.59740448,77.68013781,76.73599314,76.83819008,81803200
26-05-2020,77.07178497,78.8992326,77.01581504,78.7191664,125522000
27-05-2020,77.40759277,77.55359582,76.18604902,76.9282281,112945200
28-05-2020,77.44167328,78.70458757,76.80413422,77.08153337,133560800
29-05-2020,77.36621857,78.14732475,77.00851449,77.68498801,153532400
01-06-2020,78.3176651,78.43933306,77.1885829,77.31998637,80791200
02-06-2020,78.68025208,78.70458716,77.60713955,78.0500128,87642800
03-06-2020,79.11336517,79.3761721,78.42715617,79.00143274,104491200
04-06-2020,78.43204498,79.23505065,78.05730554,78.93575218,87560400
05-06-2020,80.6658783,80.72671229,78.65349239,78.68269152,137250400
08-06-2020,81.14281464,81.17688524,79.64873557,80.36170821,95654400
09-06-2020,83.70513916,84.09934225,80.78997895,80.82161381,147712400
10-06-2020,85.85865021,86.32828678,84.21613265,84.6565701,166651600
11-06-2020,81.73654175,85.42551553,81.63434481,84.99967763,201662400
12-06-2020,82.44221497,84.63223846,81.32773961,83.88276702,200146000
15-06-2020,83.46179199,84.11636627,80.92866396,81.0917023,138808800
16-06-2020,85.67372131,85.94626383,83.88277222,85.52285421,165428800
17-06-2020,85.55449677,86.48160626,85.43282877,86.42077226,114406400
18-06-2020,85.58855438,86.0070925,84.97777879,85.5106851,96820400
19-06-2020,85.09944916,86.76386617,83.98740208,86.29666531,264476000
22-06-2020,87.32597351,87.46954083,85.44741963,85.49365406,135445200
23-06-2020,89.18991852,90.6134352,88.15330508,88.57427891,212155600
24-06-2020,87.61555481,89.73988065,87.24081531,88.81763518,192623200
25-06-2020,88.77869415,88.8176288,87.00964433,87.7712871,137522400
26-06-2020,86.05088806,88.89548574,85.90244928,88.67404915,205256800
29-06-2020,88.03408051,88.12898509,85.47905301,85.95842513,130646000
30-06-2020,88.76895142,89.05609348,87.60094183,87.62040544,140223200
01-07-2020,88.60105896,89.39190088,88.55239622,88.84683067,110737200
02-07-2020,88.60105896,90.14867963,88.48669818,89.51114056,114041600
06-07-2020,90.97115326,91.4407899,90.00267343,90.0343083,118655600
07-07-2020,90.68887329,92.13185365,90.57694084,91.35074735,112424400
08-07-2020,92.80102539,92.83266025,91.58190997,91.66951477,117092000
09-07-2020,93.20012665,93.75006098,92.14891331,93.69652676,125642800
10-07-2020,93.36312103,93.4215267,92.18051206,92.79371589,90257200
13-07-2020,92.93244171,97.29058985,92.71830487,94.67229242,191649200
14-07-2020,94.47032166,94.66255172,91.37508797,92.31192547,170989200
15-07-2020,95.12004089,96.60195624,93.91796046,96.35132046,153198000
16-07-2020,93.9495697,94.80854525,93.34852965,93.98850434,110577600
17-07-2020,93.75979614,94.55793795,93.28528796,94.40220676,92186800
20-07-2020,95.73565674,95.87436001,93.5018346,93.8473749,90318000
21-07-2020,94.41434479,96.60436825,94.16370907,96.5289347,103433200
22-07-2020,94.67958832,95.36336178,94.02744972,94.11504711,89001600
23-07-2020,90.37010956,94.48978556,89.55736835,94.41191627,197004400
24-07-2020,90.14622498,90.49176526,86.76872114,88.56211315,185438800
27-07-2020,92.28273773,92.3752066,90.98819592,91.21206087,121214000
28-07-2020,90.76674652,92.02966072,90.76187505,91.8520228,103625600
29-07-2020,92.50659943,92.69153713,91.21448607,91.25098498,90329200
30-07-2020,93.62594604,93.73057873,91.26802001,91.67682264,158130000
31-07-2020,103.4275131,103.5783802,98.13738458,100.1424778,374336800
03-08-2020,106.033638,108.6616632,105.0164955,105.315794,308151200
04-08-2020,106.7417603,107.8367721,105.4983096,106.2234534,173071600
05-08-2020,107.1286392,107.4498444,105.9946929,106.4619012,121776800
06-08-2020,110.8662796,111.362687,106.8707078,107.4620123,202428800
07-08-2020,108.345665,110.8443556,107.5460843,110.386058,198045600
10-08-2020,109.9204559,110.9418726,107.2608729,109.7961284,212403600
11-08-2020,106.6514359,109.6815537,106.3905951,109.1818185,187902400
12-08-2020,110.1959152,110.4543158,107.5509583,107.7459751,165598000
13-08-2020,112.1461105,113.1529012,111.090562,111.5805515,210082000
14-08-2020,112.0461578,112.1363533,110.2300335,111.9705883,165565200
17-08-2020,111.7536316,113.1967811,111.1246962,113.1724021,119561600
18-08-2020,112.6848679,113.1114736,111.1685888,111.5049991,105633600
19-08-2020,112.8262329,114.2450033,112.7311647,113.0943865,145538000
20-08-2020,115.3298035,115.4443779,112.8506117,112.8676777,126907200
21-08-2020,121.2730331,121.7581424,116.2805249,116.2927107,338054800
24-08-2020,122.7234879,125.5780948,120.8513001,125.4927647,345937600
25-08-2020,121.7166977,122.062861,119.9883361,121.5923777,211495600
26-08-2020,123.3719177,123.8302153,121.9677733,123.0379476,163022400
27-08-2020,121.8971024,124.3104704,120.7489182,123.9765002,155552400
28-08-2020,121.6996536,123.2939349,121.4753776,122.8746421,187630000
31-08-2020,125.8267441,127.7379443,122.8624502,124.4031081,225702700
01-09-2020,130.8387146,131.4432858,127.2796109,129.4540765,151948100
02-09-2020,128.1279602,134.5441113,123.837532,134.1638234,200119000
03-09-2020,117.8699417,125.6317274,117.4994068,123.7497938,257599600
04-09-2020,117.9479523,120.619721,108.1287075,117.0801149,332607200
08-09-2020,110.010643,116.0270006,109.8741298,111.1125019,231366600
09-09-2020,114.3985672,116.1732464,112.3898665,114.3400637,176940500
10-09-2020,110.6639709,117.4994162,109.6986251,117.362903,182274400
11-09-2020,109.2110748,112.3606475,107.2608771,111.7170787,180860300
14-09-2020,112.4873962,113.0432022,109.9911457,111.8633336,140150100
15-09-2020,112.6629105,115.8709862,110.7809696,115.3834369,184642000
16-09-2020,109.337822,113.1114569,109.2500666,112.3606341,154679000
17-09-2020,107.592392,109.4060762,106.0029837,106.9878355,178011000
18-09-2020,104.1795502,108.1189501,103.4482261,107.6509069,287104900
21-09-2020,107.3388672,107.4461286,100.532675,101.9368195,195713800
22-09-2020,109.0257797,110.0496363,106.4417742,109.8741182,183055400
23-09-2020,104.4525833,109.3183241,104.1112928,108.8405278,150718700
24-09-2020,105.5251999,107.5046494,102.3853804,102.5511454,167743300
25-09-2020,109.4840851,109.6401045,104.9888793,105.7299564,149981400
28-09-2020,112.0973587,112.4483949,109.971643,112.1461166,137672400
29-09-2020,111.2490158,112.4386375,110.7419677,111.6975678,99382200
30-09-2020,112.9261856,114.3400833,110.7907244,110.9564894,142675200
01-10-2020,113.8817978,114.78864,112.9457038,114.7106303,116120400
02-10-2020,110.2056656,112.4971538,109.425591,110.0789054,144712000
05-10-2020,113.5990143,113.7452806,110.7224757,111.0735119,106243800
06-10-2020,110.3421783,113.2284698,109.4548349,112.8189226,161498200
07-10-2020,112.2143784,112.672676,111.28803,111.7658338,96849000
08-10-2020,112.1071014,113.5014929,111.7365592,113.3552266,83477200
09-10-2020,114.057312,114.0865638,112.0583564,112.4093926,100506900
12-10-2020,121.3022766,122.0628524,116.3097687,117.0703445,240226800
13-10-2020,118.084465,122.2676398,116.6705747,122.1506253,262330500
14-10-2020,118.172226,119.9664042,116.6413211,117.9869548,150712000
15-10-2020,117.7041626,118.1819589,115.2079123,115.7637183,112559200
16-10-2020,116.0562439,118.5232499,115.8514741,118.259969,115393800
19-10-2020,113.0919418,117.4213747,112.7799106,116.9728302,120639300
20-10-2020,114.5838547,116.017251,112.7506643,113.3064703,124423700
21-10-2020,113.9597931,115.7539712,113.550246,113.7647689,89946000
22-10-2020,112.8676834,115.1006605,111.7365653,114.5253484,101988000
23-10-2020,112.175354,113.6477551,111.4342769,113.4917357,82572600
26-10-2020,112.1851196,113.6477678,110.0691496,111.171016,111850700
27-10-2020,113.6965103,114.3595777,111.6878093,112.6141501,92276800
28-10-2020,108.4309921,112.5556636,108.3334837,112.1851288,143937800
29-10-2020,112.4483795,114.018289,109.406069,109.5718414,146129200
30-10-2020,106.1492538,109.2013104,105.0376418,108.2944682,190272600
02-11-2020,106.0614929,107.9239352,104.6476026,106.3930304,122866900
03-11-2020,107.6899033,108.7137524,106.0224854,106.9293275,107624400
04-11-2020,112.0875931,112.7116557,109.5523379,111.2977655,138235500
05-11-2020,116.0660172,116.6413294,113.9598075,115.0129086,126387100
06-11-2020,115.9341507,116.4323037,113.433586,115.572739,114457900
09-11-2020,113.6191711,119.1575179,113.3554435,117.7021162,154515300
10-11-2020,113.2773056,114.8596862,111.4800245,112.8670593,138023400
11-11-2020,116.7155457,116.8522944,113.7363684,114.4689541,112295000
12-11-2020,116.4420547,117.7314053,115.8169155,116.8425385,103162300
13-11-2020,116.4909058,116.8913821,115.1331807,116.6667266,81581900
16-11-2020,117.5067749,118.1807488,115.4066939,116.1588122,91183000
17-11-2020,116.6178894,117.868168,116.1978733,116.7741779,74271000
18-11-2020,115.2894592,117.0378981,115.260157,115.855994,76322100
19-11-2020,115.8852997,116.2955459,114.0977886,114.8596766,74113000
20-11-2020,114.6154785,116.0122756,114.5666439,115.8852968,73604300
23-11-2020,111.2065125,114.8889809,111.1088358,114.4591949,127959300
24-11-2020,112.4958801,113.1600916,109.975783,111.2651413,113874200
25-11-2020,113.3358841,114.0391675,112.4958519,112.8670334,76499200
27-11-2020,113.8829041,114.7620085,113.5214998,113.8633717,46691300
30-11-2020,116.2857895,118.1612074,114.0977945,114.2540831,169410200
01-12-2020,119.870575,120.6031608,117.2234991,118.2002802,127728200
02-12-2020,120.2222061,120.5054735,118.0830534,119.1868132,89004200
03-12-2020,120.0854645,120.905957,119.372411,120.6519918,78967600
04-12-2020,119.4114838,120.0073208,118.6984303,119.7533556,78260400
07-12-2020,120.8766403,121.6776004,119.4114689,119.4700734,86712000
08-12-2020,121.4920273,122.0781019,120.2319788,121.4822648,82225500
09-12-2020,118.9523773,123.0255519,118.1904894,121.6385248,115089200
10-12-2020,120.3784866,120.9938634,117.360237,117.7021088,81312200
11-12-2020,119.5677719,119.9096438,117.7509586,119.5873043,86939800
14-12-2020,118.9523773,120.485923,118.717952,119.7533374,79184500
15-12-2020,124.910759,124.9302988,121.24783,121.4529531,157243700
16-12-2020,124.8423767,125.3893717,123.6214005,124.4516703,98208600
17-12-2020,125.711731,126.5713031,125.0670518,125.9070842,94359800
18-12-2020,123.719101,126.1024493,123.1916383,125.9657005,192541500
21-12-2020,125.2526398,125.330784,120.5836272,122.1171732,121251600
22-12-2020,128.8178558,131.2891101,126.6396239,128.5541208,168904800
23-12-2020,127.9192505,129.3551049,127.7434222,129.0913847,88223700
24-12-2020,128.9057922,130.3612013,128.0559975,128.2708905,54930100
28-12-2020,133.5162048,134.1511066,130.4100333,130.878899,124486200
29-12-2020,131.7384949,135.5674759,131.220802,134.8446673,121047300
30-12-2020,130.6151428,132.8324396,130.3025658,132.4319559,96452100
31-12-2020,129.6090698,131.6114738,128.6615911,130.9667948,99116600
04-01-2021,126.4052353,130.5077126,123.8167641,130.4198059,143301900
05-01-2021,127.9681015,128.6811625,125.4480042,125.8973301,97664900
06-01-2021,123.6604767,128.0071567,123.4455837,124.7544741,155088000
07-01-2021,127.8801498,128.5736708,124.8912028,125.3795932,109578200
08-01-2021,128.9839172,129.5504519,127.2061689,129.3550838,105158200
11-01-2021,125.9852219,127.1475938,125.5163711,126.1903525,100384500
12-01-2021,125.8093948,126.6787293,123.9144373,125.5163576,91951100
13-01-2021,127.8508682,128.3978632,125.5065997,125.7703199,88636800
14-01-2021,125.9168549,127.9583238,125.7703288,127.7629705,90221800
15-01-2021,124.1879349,127.1964221,124.0511861,125.7898551,111598500
19-01-2021,124.8619232,125.7214953,123.9925887,124.8130812,90757300
20-01-2021,128.9644165,129.4137424,125.5652222,125.6726687,104319500
21-01-2021,133.6920013,136.4269909,130.4881611,130.6932916,120150900
22-01-2021,135.8409424,136.6028304,131.8849763,133.115715,114459400
25-01-2021,139.601532,141.7211449,133.3696647,139.7480581,157611700
26-01-2021,139.835968,140.9494977,138.0875217,140.265754,98390600
27-01-2021,138.7615051,140.9494999,137.1498225,140.0996903,140843800
28-01-2021,133.9069061,138.6931421,133.5259621,136.2804918,142621100
29-01-2021,128.8960419,133.5650544,127.1866749,132.67618,177523800
01-02-2021,131.0254211,132.2366351,127.8899471,130.6444771,106239800
02-02-2021,131.8557129,133.1450565,131.4845312,132.5785215,83305400
03-02-2021,130.8300629,132.6175741,130.5077233,132.6077967,89880900
04-02-2021,134.1999054,134.2096678,131.4649163,133.135218,84183100
05-02-2021,133.7841797,134.4298221,132.9037691,134.361353,75693800
08-02-2021,133.9309082,133.9798232,131.9842043,133.0700518,71297200
09-02-2021,133.0505066,134.8798268,132.8939994,133.647234,76774200
10-02-2021,132.4440002,134.0091912,131.4755366,133.510279,73046600
11-02-2021,132.1896515,133.4222292,130.8592437,132.942886,64280000
12-02-2021,132.4244232,132.5809453,130.7809862,131.4266286,60145100
16-02-2021,130.2918396,133.0504697,129.9005345,132.5417955,80576300
17-02-2021,127.9930038,129.3429807,126.6528189,128.3940861,97918500
18-02-2021,126.8876266,127.1713099,124.6376697,126.3887143,96856700
19-02-2021,127.0441284,127.865862,125.9974185,127.4060877,87668800
22-02-2021,123.2583313,126.897388,122.8670335,125.2245898,103916400
23-02-2021,123.1213837,123.9528868,115.8139239,121.0670795,158273000
24-02-2021,122.622467,122.8278967,119.5703609,122.2213922,111039900
25-02-2021,118.3573151,123.7082918,117.9171098,121.9670249,148199500
26-02-2021,118.6214676,122.1333481,118.5627681,119.922522,164560400
01-03-2021,125.0093613,125.1463143,120.1181585,121.0572685,116307900
02-03-2021,122.3974838,125.919149,122.2898767,125.6158967,102260900
03-03-2021,119.4040604,122.9746405,119.1888462,122.0942224,112966300
04-03-2021,117.5160522,120.9105487,116.0389142,119.1008049,178155000
05-03-2021,118.777977,119.2866663,115.011752,118.3475562,153766600
08-03-2021,113.8280792,118.3671151,113.6813416,118.2986386,154376600
09-03-2021,118.455162,119.4040567,116.2052129,116.4399886,129525800
10-03-2021,117.3693085,119.5116503,116.8508347,119.042099,111943300
11-03-2021,119.3062134,120.529014,118.621448,119.8735947,103026500
12-03-2021,118.3964615,118.5334146,116.5671563,117.7801726,88105100
15-03-2021,121.2920456,121.3018301,117.7997271,118.7681906,92403800
16-03-2021,122.837677,124.4517756,122.0061739,122.9648456,115227900
17-03-2021,122.0453186,123.1213819,119.6779703,121.3507686,111932600
18-03-2021,117.907341,120.4996801,117.7019114,120.206205,121229700
19-03-2021,117.3790817,118.7877505,117.0758295,117.2910437,185549500
22-03-2021,120.7051163,121.1746751,117.6432256,117.7117022,111912300
23-03-2021,119.8736115,121.5366176,119.4823137,120.6464225,95467100
24-03-2021,117.4769287,120.2257903,117.4573672,120.1475293,88530500
25-03-2021,117.9660416,119.0127663,116.4106424,116.9388933,98844700
26-03-2021,118.5725555,118.8366847,116.3323834,117.7312679,94071200
29-03-2021,118.7486343,119.9127431,118.1029994,119.002979,80819200
30-03-2021,117.2910461,117.7801664,116.2736751,117.4964758,85671900
31-03-2021,119.4920959,120.8322809,118.5138553,119.0029756,118323800
01-04-2021,120.3235931,121.4779173,119.8246883,120.9692355,75089100
05-04-2021,123.1605072,123.4148519,120.3920842,121.1746797,88651200
06-04-2021,123.4637527,124.3637324,122.9159404,123.7474434,80171300
07-04-2021,125.1169739,125.1365354,122.4170277,123.0920161,83466700
08-04-2021,127.5234146,127.5527606,125.7234559,126.1440921,88844600
09-04-2021,130.1060181,130.1451411,126.6528295,126.9756507,106686700
12-04-2021,128.3843079,129.9592759,127.7875805,129.6364547,91420000
13-04-2021,131.5048828,131.7298889,129.0592812,129.5581935,91266500
14-04-2021,129.157135,132.0625115,128.7951907,132.0038194,87222800
15-04-2021,131.5733795,132.0624999,130.7320919,130.908183,89347100
16-04-2021,131.2407684,131.7396658,130.3799119,131.3777215,84922400
19-04-2021,131.9059448,132.5222411,130.4385841,130.6048832,94264200
20-04-2021,130.213623,132.5809638,128.9419071,132.0820664,94812300
21-04-2021,130.5951233,130.8396834,128.4429969,129.4799296,68847100
22-04-2021,129.0690613,131.2309645,128.550595,130.1451169,84566500
23-04-2021,131.3972778,132.1798583,129.2842747,129.2842747,78657500
26-04-2021,131.7885895,132.1211877,130.6538267,131.8961966,66905100
27-04-2021,131.465744,132.4635535,131.1918379,132.0722484,66015800
28-04-2021,130.6734009,132.0820699,130.1842805,131.3875124,107760100
29-04-2021,130.5755157,134.0874099,129.5679294,133.5004597,151101000
30-04-2021,128.5995178,130.6538142,128.2180046,128.9125471,109839500
03-05-2021,129.6560059,131.1527277,128.9614634,129.1668855,75135100
04-05-2021,125.0680542,128.6288567,123.9430761,128.3353816,137564700
05-05-2021,125.3126297,127.6114862,125.1854536,126.3886854,84000900
06-05-2021,126.916954,126.9267311,124.3637377,125.1072028,78128300
07-05-2021,127.5930862,128.6219717,126.8777468,128.2202231,78973300
10-05-2021,124.3005981,126.9365301,124.2614012,126.809153,88071200
11-05-2021,123.379509,123.7322669,120.3026087,121.0179407,126142800
12-05-2021,120.3026047,122.1350247,119.7930588,120.9199479,112172300
13-05-2021,122.4583893,123.6146743,121.7626596,122.076228,105861300
14-05-2021,124.8885422,125.3197016,123.3207,123.7126624,81918000
17-05-2021,123.7322617,124.3790008,122.6543706,124.2712109,74244600
18-05-2021,122.3408203,124.437811,122.2722274,124.0164526,63342900
19-05-2021,122.1840363,122.4094096,120.390813,120.6847867,92612000
20-05-2021,124.7513657,125.1531292,122.5857824,122.7131745,76857100
21-05-2021,122.9091492,125.4274979,122.6935695,125.2511151,79295400
24-05-2021,124.5455856,125.3687075,123.4089028,123.4774957,63092900
25-05-2021,124.3496017,125.7410687,123.7812566,125.2511101,72009500
26-05-2021,124.3005981,124.8297463,123.8792399,124.408388,56575900
27-05-2021,122.762146,125.0747158,122.5661685,123.8988361,94625600
28-05-2021,122.105629,123.2717151,122.0468372,123.0463343,71311100
01-06-2021,121.7822418,122.8307369,121.4490787,122.5661666,67637100
02-06-2021,122.5465775,122.7229602,121.5568815,121.7822549,59278900
03-06-2021,121.0571365,122.3408062,120.655373,122.1742246,76229200
04-06-2021,123.3598862,123.6244639,121.3608848,121.5764645,75169300
07-06-2021,123.3697052,123.7812624,122.32121,123.6342755,71057600
08-06-2021,124.1928177,125.8782583,123.6734707,124.055632,74403800
09-06-2021,124.5749741,125.1825162,123.9772331,124.653368,56877900
10-06-2021,123.5754852,125.6136839,123.4089036,124.4671925,71186400
11-06-2021,124.7905731,124.8787682,123.5656951,123.9870534,53522400
14-06-2021,127.8576508,127.9164425,124.5161877,125.2511145,96906500
15-06-2021,127.0345383,127.9752511,126.7895627,127.328512,62746300
16-06-2021,127.5342484,128.2593813,125.8782264,127.749828,91815000
17-06-2021,129.1413269,129.8860623,127.0443364,127.1913308,96721700
18-06-2021,127.8380508,128.8669362,127.6224712,128.0830264,108953300
21-06-2021,129.6410522,129.7488421,126.6131583,127.681248,79663300
22-06-2021,131.2873077,131.385304,128.9747377,129.4744974,74783600
23-06-2021,131.0129395,131.6204891,130.5523842,131.0815398,60214200
24-06-2021,130.728775,131.9340507,130.2584111,131.7478669,68711000
25-06-2021,130.4347992,131.1991218,130.1408255,130.777771,70783700
28-06-2021,132.071228,132.5317833,130.6699749,130.7287667,62111300
29-06-2021,133.5900879,133.7468759,131.6498854,132.0908385,64556100
30-06-2021,134.2074432,134.6483963,133.1393382,133.4333119,63261400
01-07-2021,134.5111694,134.5699612,133.0315076,133.8546368,52485800
02-07-2021,137.1471405,137.18633,134.9815497,135.1285291,78852600
06-07-2021,139.1657257,140.2730051,137.2549193,137.2549193,108181800
07-07-2021,141.6644897,141.9780507,139.7928727,140.6551766,104911600
08-07-2021,140.3612061,141.1647181,137.8428501,138.7345647,105575500
09-07-2021,142.193634,142.7227747,139.7830676,139.8810638,99890800
12-07-2021,141.5958862,143.3793156,141.1059351,143.2715258,76299700
13-07-2021,142.7129822,144.4964117,140.7433838,141.1353387,100827100
14-07-2021,146.1523743,146.5639463,144.7119172,145.1234892,127050800
15-07-2021,145.4958649,146.9853203,144.1338015,146.2406001,106820300
16-07-2021,143.4479065,146.7501727,142.9481617,145.4763116,93251400
19-07-2021,139.5870819,141.1745338,138.8227593,140.8609579,121434600
20-07-2021,143.2126923,144.1436113,140.086817,140.5767681,96350000
21-07-2021,142.4777679,143.1931073,141.723254,142.60516,74993500
22-07-2021,143.8496552,145.2215123,142.8795465,143.0069386,77338200
23-07-2021,145.574295,145.731083,143.9672557,144.584599,71447400
26-07-2021,145.9956665,146.8187809,144.731584,145.2901356,72434100
27-07-2021,143.8202667,146.2112308,142.6247847,146.1230282,104818600
28-07-2021,142.0662231,144.016234,139.6752593,141.8996416,118931200
29-07-2021,142.7129822,143.6046969,141.674288,141.7820779,56699500
30-07-2021,142.9285431,143.3890983,141.2137141,141.4782919,70440600
02-08-2021,142.5953522,143.9966049,142.3307744,143.4184663,62880000
03-08-2021,144.3983917,145.0647181,142.2621971,142.8795403,64786600
04-08-2021,143.9966431,144.8197574,143.3401103,144.310219,56368300
05-08-2021,144.1044464,144.8687691,143.2323339,144.0260524,46397700
06-08-2021,143.4174652,144.3693957,142.9169717,143.6235596,54126800
09-08-2021,143.3684082,143.9670448,142.8090348,143.4763596,48908700
10-08-2021,142.8875275,144.9582195,142.5931134,143.711875,69023100
11-08-2021,143.1426849,143.9866641,142.8188309,143.3291477,48493500
12-08-2021,146.1162567,146.2732796,143.1230736,143.4665593,72282600
13-08-2021,146.3223419,146.6560043,145.5078026,146.194759,59375000
16-08-2021,148.304657,148.3733601,143.7412916,145.7727201,103296000
17-08-2021,147.3919983,148.8542304,146.312485,147.4312465,92229700
18-08-2021,143.6333466,147.9121213,143.4272522,147.0092625,86326000
19-08-2021,143.967041,145.2428256,141.808029,142.3281542,86960300
20-08-2021,145.4292755,145.7334979,144.0455397,144.6932477,60549600
23-08-2021,146.9210052,147.392059,145.1349035,145.5470774,60131800
24-08-2021,146.8326111,148.0495156,146.3713659,146.6657799,48606400
25-08-2021,145.5960999,147.5195923,145.0465349,147.0190838,58991300
26-08-2021,144.7913818,146.3419489,144.7619419,145.5863044,48597200
27-08-2021,145.8316345,145.9788341,144.0946049,144.7324896,55802400
30-08-2021,150.2674255,150.6305428,145.8414506,146.2241844,90956700
31-08-2021,149.0014648,149.9533953,148.4715165,149.816004,86453100
01-09-2021,149.6687927,152.0927788,149.5019616,149.9828384,80313700
02-09-2021,150.7875519,151.8376254,149.5608389,151.0034546,71115500
03-09-2021,151.4254456,151.7492996,150.2379809,150.8954972,57808700
07-09-2021,153.7709503,154.3303237,151.5137951,152.0829918,82278300
08-09-2021,152.2203522,154.1143897,151.1113989,154.0555099,74420200
09-09-2021,151.1997528,153.2017419,151.0819782,152.5932971,57305700
10-09-2021,146.1947479,152.5834638,145.9297737,152.1124102,140893200
13-09-2021,146.7639771,148.5991353,145.9788776,147.8238591,102404300
14-09-2021,145.3605804,148.2556351,144.1731306,147.5490472,109296300
15-09-2021,146.2536316,146.6559971,143.6431827,145.7923863,83281300
16-09-2021,146.0181122,146.1947667,144.4773683,145.6746415,68034100
17-09-2021,143.338974,146.0475662,143.0445599,146.0475662,129868800
20-09-2021,140.2770996,142.1416975,138.6382127,141.1210788,123478900
21-09-2021,140.7579346,141.906151,140.1200499,141.2486197,75834000
22-09-2021,143.1328583,143.7020398,141.0229032,141.7589309,76404300
23-09-2021,144.094635,144.3399776,142.9268017,143.9179805,64838200
24-09-2021,144.1829376,144.7226943,142.8482733,142.9464163,53477900
27-09-2021,142.6618195,143.2408394,141.1407072,142.7599625,74150700
28-09-2021,139.2662964,142.0533851,139.0503937,140.5813293,108972300
29-09-2021,140.1691437,141.758959,139.3840443,139.8158497,74602000
30-09-2021,138.8639069,141.6902583,138.6480042,140.9836704,89056700
01-10-2021,139.9924927,140.2574669,136.5184478,139.2564648,94639600
04-10-2021,136.5478973,139.5607121,135.6941098,139.1190834,98322000
05-10-2021,138.4811554,139.5901086,136.7637575,136.8913404,80861100
06-10-2021,139.354599,139.5017986,135.7922196,136.871733,83221100
07-10-2021,140.6205597,141.533242,140.0611863,140.3948487,61732700
08-10-2021,140.2378235,141.4939764,139.9041611,141.3467768,58773200
11-10-2021,140.1495361,142.1122774,139.1681655,139.6196026,64452200
12-10-2021,138.8737183,140.5813081,138.412473,140.5616765,73035900
13-10-2021,138.2849121,138.765774,136.6067621,138.6087662,78762700
14-10-2021,141.0818024,141.199577,138.873719,139.4625472,69907100
15-10-2021,142.1416779,142.2005577,140.8364535,141.0916194,67940300
18-10-2021,143.81987,144.1044609,140.4930241,140.777615,85589200
19-10-2021,145.9886322,146.3909976,143.8198123,144.2712343,76378900
20-10-2021,146.4793396,146.9602165,145.3605779,145.9297746,58418800
21-10-2021,146.6952667,146.8522896,145.1152595,146.0377502,61421000
22-10-2021,145.9199677,147.3822,145.8708961,146.9013381,58883400
25-10-2021,145.8708954,146.5872916,144.8698934,145.9101436,50720600
26-10-2021,146.5382233,148.0298954,146.2339859,146.5480316,60893400
27-10-2021,146.0769806,146.9405763,145.7236867,146.5774741,56094900
28-10-2021,149.7277069,150.3165202,146.9307949,147.028938,100077900
29-10-2021,147.0092926,147.1466839,143.6824475,144.4773551,124953200
01-11-2021,146.1849518,146.9111563,145.0465584,146.2143917,74588300
02-11-2021,147.225174,148.7463009,145.8806865,145.8905098,69122000
03-11-2021,148.6677856,149.1388392,147.0288991,147.5882724,54511500
04-11-2021,148.1477051,149.590306,147.8336593,148.75615,60394600
05-11-2021,148.6783752,149.5825518,147.4793549,149.2778854,65463900
08-11-2021,147.852829,148.9634007,147.5776454,148.8061487,55020900
09-11-2021,148.2164764,148.8258093,147.4793744,147.6169662,56787900
10-11-2021,145.3761444,147.5481445,145.307356,147.4400357,65187100
11-11-2021,145.3270416,146.8602116,145.1403067,146.398308,41000000
12-11-2021,147.410614,147.8135518,144.9437691,145.8774289,63804000
15-11-2021,147.4204254,149.2680995,146.8602206,147.7840577,59222800
16-11-2021,148.4031982,148.8847769,146.7717423,147.3614298,59256200
17-11-2021,150.8504028,152.3344296,148.3933959,148.4032185,88807000
18-11-2021,155.1550446,155.9412896,150.4179437,151.0665971,137827700
19-11-2021,157.7889709,158.2508894,153.8381,154.9388342,117305600
22-11-2021,158.250885,162.8503942,158.2312248,158.8995234,117467900
23-11-2021,158.634201,159.0174935,156.3246085,158.3491798,96041900
24-11-2021,159.1550751,159.3516326,156.8946258,157.9855374,69463600
26-11-2021,154.113327,157.6907291,153.6710687,156.8258727,76959800
29-11-2021,157.4842987,158.4179582,156.0592229,156.6292502,88748200
30-11-2021,162.4572754,162.6734932,157.1697925,157.2385959,174048100
01-12-2021,161.9364166,167.3713147,161.7005386,164.5998037,152052500
02-12-2021,160.9437561,161.3761917,155.0862607,156.0100976,136739200
03-12-2021,159.0567932,162.123148,156.9732562,161.199311,118023100
06-12-2021,162.476944,164.9929164,161.4548208,161.4646434,107497000
07-12-2021,168.236145,168.6292751,165.4449892,166.1722685,120405400
08-12-2021,172.0691071,172.9339783,167.7644262,169.1698419,116998900
09-12-2021,171.5580597,173.7104003,170.9290665,171.9020467,108923700
10-12-2021,176.3639374,176.5408497,171.685802,172.1968636,115402700
13-12-2021,172.7177734,178.9978829,172.5113782,178.0052424,153237000
14-12-2021,171.3319855,174.6833461,169.2484487,172.2361621,139380400
15-12-2021,176.216507,176.4130645,169.3467115,172.0985617,131063300
16-12-2021,169.2975769,178.0248691,167.8135503,176.1968556,150185800
17-12-2021,168.1968689,170.4868012,166.7718079,167.0076709,195432700
20-12-2021,166.8307495,167.6464775,164.580138,165.3860284,107499100
21-12-2021,170.0150452,170.2214253,166.2115885,168.6096295,91185900
22-12-2021,172.6194763,172.8356941,169.1894893,170.0641831,92135300
23-12-2021,173.2484436,173.8086483,172.2558184,172.8258457,68356600
27-12-2021,177.2288055,177.3172542,174.0248743,174.0445195,74919600
28-12-2021,176.206665,178.2115907,175.4597405,177.0617135,79144300
29-12-2021,176.2951202,177.5236234,175.0764397,176.2459771,62348900
30-12-2021,175.1354065,177.4646587,175.0272976,176.3835699,59773000
31-12-2021,174.5162811,176.1477222,174.2115997,175.0273277,64062300
03-01-2022,178.8798828,179.7349312,174.6538439,174.7717754,104487900
04-01-2022,176.6096191,179.7939049,176.0395918,179.4892385,99310400
05-01-2022,171.9118347,177.0715485,171.6366512,176.5211815,94537600
06-01-2022,169.0420532,172.2853049,168.6882437,169.7300121,96904000
07-01-2022,169.2091217,171.145244,168.0887273,169.9167408,86709100
10-01-2022,169.2287903,169.5334567,165.2779194,166.1722734,106765600
11-01-2022,172.0691071,172.1673783,167.8823727,169.3565769,76138300
12-01-2022,172.5113373,174.1329556,171.8135558,173.0911872,74805200
13-01-2022,169.2287903,173.5825988,168.8356602,172.7570482,84505800
14-01-2022,170.0936737,170.7914552,168.1477135,168.3934142,80440800
18-01-2022,166.8799133,169.5727833,166.4966208,168.5604977,90956700
19-01-2022,163.3712769,168.1378756,163.0862707,167.076447,94815000
20-01-2022,161.6808624,166.7619504,161.3565357,164.1083862,91420500
21-01-2022,159.6170044,163.4695895,159.5088955,161.5924326,122848900
24-01-2022,158.8405457,159.5088592,152.0395537,157.2680705,162294600
25-01-2022,157.032196,159.9609436,154.3196663,156.245951,115798400
26-01-2022,156.9437408,161.5629098,155.1059049,160.6882161,108275300
27-01-2022,156.4818268,161.0223699,155.55799,159.6562749,121954600
28-01-2022,167.4007721,167.4204323,160.0002696,162.8602288,179935700
31-01-2022,171.774231,171.9904487,166.5948572,167.2336879,115541600
01-02-2022,171.6071472,171.8331876,169.3466984,171.0174597,86213900
02-02-2022,172.8160248,172.8553453,170.3491954,171.7447734,84914300
03-02-2022,169.9265747,173.209147,169.1599898,171.4794047,89418100
04-02-2022,169.6412354,171.323976,167.9584947,168.9425497,82465400
07-02-2022,168.9228668,171.1763459,168.2241812,170.1037297,77251200
08-02-2022,172.0423431,172.554056,168.696547,168.9917665,74829200
09-02-2022,173.4691772,173.8332727,172.1111768,173.2428488,71285000
10-02-2022,169.3755035,172.6819282,168.8146001,171.3632984,90865900
11-02-2022,165.9510193,170.3202255,165.3605803,169.5821843,98670700
14-02-2022,166.1871643,166.8759996,163.9041502,164.7012321,86185500
15-02-2022,170.0348358,170.1922882,167.535343,168.2438637,62527400
16-02-2022,169.7986908,170.5760876,167.3385533,169.1098553,61177400
17-02-2022,166.1871643,169.1688489,165.7836983,168.3028759,69589300
18-02-2022,164.63237,167.8206979,163.5400686,167.1121923,82772700
22-02-2022,161.6999054,164.0321107,159.5644931,162.3493702,91162800
23-02-2022,157.5176697,163.5007101,157.2027649,162.900436,90009200
24-02-2022,160.1450958,160.2533425,149.5763411,150.1470947,141147500
25-02-2022,162.2214661,162.4871501,158.3049165,161.2275609,91974200
28-02-2022,162.4871063,162.7823257,159.8399968,160.4599561,95056600
01-03-2022,160.5977325,163.9435277,159.3873494,162.0738147,83474400
02-03-2022,163.9041901,164.691437,160.3517511,161.7687926,79724800
03-03-2022,163.579422,166.2166966,162.910272,165.7837101,76678400
04-03-2022,160.5682068,162.9102618,159.515276,161.8671662,83737200
07-03-2022,156.7599487,162.388744,156.5040848,160.7552092,96418800
08-03-2022,154.9295654,160.2828251,153.3157164,156.2875656,131148300
09-03-2022,160.3517456,160.8044175,156.8681978,158.9051837,91454900
10-03-2022,155.9923859,157.8325637,153.492878,157.6455909,105342000
11-03-2022,152.2628021,156.7402547,152.0364737,156.3958295,96970100
14-03-2022,148.2183075,151.6624988,147.7066099,149.0350747,108732100
15-03-2022,152.6170807,153.0894379,147.9821902,148.493888,92964300
16-03-2022,157.0453186,157.4487847,151.9971272,154.5458258,102300200
17-03-2022,158.0588989,158.4328446,155.1165843,156.0809539,75615400
18-03-2022,161.3653259,161.8573534,157.2126129,157.9506541,123511700
21-03-2022,162.7430267,163.6975613,160.4108061,160.9028336,95811400
22-03-2022,166.1281433,166.7185672,162.2804853,162.8709092,81532000
23-03-2022,167.4959717,169.8872176,164.9767788,165.3113689,98062700
24-03-2022,171.2944183,171.3632944,167.4959664,168.3324039,90131400
25-03-2022,171.934082,172.4851504,169.9954926,171.1074795,80546200
28-03-2022,172.8000183,172.9279352,169.2574152,169.4247027,90371900
29-03-2022,176.1064453,176.155636,173.5282116,173.8726368,100589400
30-03-2022,174.9354401,176.7460974,173.8824941,175.7030017,92633200
31-03-2022,171.8257904,175.1912557,171.6191323,175.0042829,103049300
01-04-2022,171.5306091,172.0915276,169.1984038,171.255075,78751300
04-04-2022,175.5947418,175.6439476,171.6585226,171.7864545,76468400
05-04-2022,172.2686462,175.4569895,171.6388517,174.6697426,73401800
06-04-2022,169.0901642,170.8614661,167.4172738,169.6117121,89058800
07-04-2022,169.3952179,170.5957661,167.1417387,168.4308483,77594700
08-04-2022,167.3778687,169.0409236,166.5020605,169.0409236,76575500
11-04-2022,163.1070709,166.3347692,162.8610572,166.0198795,72246700
12-04-2022,164.9866333,167.161386,163.9828932,165.3408936,79265200
13-04-2022,167.6829529,168.3127474,164.1108437,164.720953,70618900
14-04-2022,162.6544189,168.5390777,162.4084052,167.8994331,75329400
18-04-2022,162.4379272,163.9435298,160.9618451,161.3062553,69023900
19-04-2022,164.7307892,165.1441055,161.2964471,162.3887487,67723800
20-04-2022,164.5634766,166.187176,163.4515049,166.0690792,67929800
21-04-2022,163.7664032,168.794924,163.2645406,166.2167051,87227800
22-04-2022,159.2102051,165.1932595,158.9248358,163.8057538,84882400
25-04-2022,160.2828674,160.5682367,155.9333466,158.5509212,96046400
26-04-2022,154.2998199,159.7514778,154.2210937,159.6629164,95623200
27-04-2022,154.0734863,157.2421294,152.9024586,153.4240065,88063200
28-04-2022,161.0307312,161.8967043,156.3958264,156.7107311,130216800
29-04-2022,155.136261,163.549934,154.742645,159.2594537,131747600
02-05-2022,155.4413147,155.7069987,150.8260949,154.2112461,123055300
03-05-2022,156.9370575,158.1474557,153.8274557,155.6282628,88966500
04-05-2022,163.3727875,163.8254443,156.7205672,157.1240333,108256500
05-05-2022,154.2702637,161.4637013,152.4792769,161.2373729,130525300
06-05-2022,154.9995575,157.1282427,151.9444991,153.7479673,116124600
09-05-2022,149.8552246,153.5705662,149.2934971,152.6836066,131577900
10-05-2022,152.2697144,154.4673918,150.7126214,153.2650797,115366700
11-05-2022,144.3758545,153.1960829,143.6958566,151.2743595,142689800
12-05-2022,140.4930115,144.0802343,136.7875334,140.6999733,182602000
13-05-2022,144.9769745,145.9526254,141.0349726,142.4935091,113990900
16-05-2022,143.4297791,145.3810815,142.0894974,143.4396437,86643800
17-05-2022,147.0761261,147.5984403,144.5532317,146.701631,78336300
18-05-2022,138.7781982,145.2233654,137.8715245,144.7207655,109742900
19-05-2022,135.3585358,139.6060416,134.6194102,137.8518515,136095600
20-05-2022,135.595047,138.659955,130.6872574,137.0732981,137426100
23-05-2022,141.0349884,141.1828075,135.6541486,135.7921181,117726300
24-05-2022,138.3248901,139.911547,135.338824,138.7683625,104132700
25-05-2022,138.4825439,139.7341188,136.3341449,136.4228363,92482700
26-05-2022,141.6952515,142.2471293,135.1515292,135.3979043,90601500
27-05-2022,147.4703064,147.5097198,143.153809,143.2819289,90978500
31-05-2022,146.6819305,148.4755492,144.710929,146.9086065,103718400
01-06-2022,146.5537872,149.5398526,145.5387079,147.7265202,74286600
02-06-2022,149.0175781,149.0767058,144.7306438,145.6865807,72348100
03-06-2022,143.2720947,145.8245379,142.3654359,144.7700449,88570300
06-06-2022,144.0210724,146.4158469,142.7990461,144.8981674,71598400
07-06-2022,146.5537872,146.8395758,142.0106293,142.2570044,67808200
08-06-2022,145.814682,147.6969768,145.3219317,146.4256876,53950200
09-06-2022,140.5718231,145.8048296,140.4634174,144.9474488,69473000
10-06-2022,135.1417236,138.7190812,135.0727314,138.246045,91437900
13-06-2022,129.9678192,133.2396733,129.5341966,130.9434551,122207100
14-06-2022,130.835083,131.9487037,129.5736432,131.1997285,84784300
15-06-2022,133.4663391,135.3486489,130.243763,132.342869,91533000
16-06-2022,128.1742249,130.4704434,127.1690099,130.1649406,108123900
17-06-2022,129.6524506,131.1504156,127.9278246,128.1840644,134520300
21-06-2022,133.8999634,135.0727115,131.3869488,131.4854899,81000500
22-06-2022,133.3875275,135.7625728,131.968404,132.8356344,73409200
23-06-2022,136.2651672,136.5805196,133.6634463,134.8361944,72433800
24-06-2022,139.6060333,139.8524085,137.7434376,137.8715425,89116800
27-06-2022,139.6060333,141.4095014,138.9260354,140.6309474,70207900
28-06-2022,135.4472046,141.340494,135.3289493,140.0692048,67083400
29-06-2022,137.2112732,138.6303968,134.6883935,135.4669476,66242400
30-06-2022,134.7376709,136.3637412,131.8304465,135.2599851,98964500
01-07-2022,136.9155884,137.023994,133.6930123,134.0674923,71051600
05-07-2022,139.5074768,139.5567548,134.9446037,135.7724358,73353800
06-07-2022,140.8477478,142.0303455,139.0344303,139.3005196,74064300
07-07-2022,144.2280426,144.4251397,141.202548,141.2123976,66253700
08-07-2022,144.90802,145.410635,142.8976052,143.1538299,64547800
11-07-2022,142.7694855,144.513826,141.6952933,143.5578891,63141600
12-07-2022,143.745163,146.2976067,142.9469096,143.6466069,77588800
13-07-2022,143.3804626,144.3265346,140.059316,140.9167116,71185600
14-07-2022,146.3172913,146.7903274,141.1729764,141.9909438,78140700
15-07-2022,147.99263,148.6726279,146.0511925,147.6082854,76259900
18-07-2022,144.9375916,149.3723446,144.5729461,148.5543772,81420900
19-07-2022,148.8106232,149.0372841,144.7799284,145.7752789,82982400
20-07-2022,150.8210297,151.491178,148.1897444,148.92887,64823400
21-07-2022,153.0975189,153.3143302,149.7369584,152.2598374,65086600
22-07-2022,151.8558044,154.0140535,151.1856712,153.1369584,66675400
25-07-2022,150.7323303,152.7920232,150.0720467,151.7769587,53623900
26-07-2022,149.4019165,150.870303,148.6135129,150.0523356,55138700
27-07-2022,154.5166321,155.0488108,149.9537745,150.367683,78620700
28-07-2022,155.0685577,155.3543464,152.171183,154.7039122,81378700
29-07-2022,160.1537018,161.2574727,157.1873503,158.9021268,101786900
01-08-2022,159.1682129,161.2180562,158.5572073,158.6754625,67829400
02-08-2022,157.6899414,160.0551518,157.3154614,157.7786479,59907000
03-08-2022,163.7212219,164.1745438,158.4192238,158.5079153,82507500
04-08-2022,163.4058685,164.7658643,162.0458728,163.6029657,55474100
05-08-2022,163.1789093,163.6723441,160.8597595,161.0670088,56697000
08-08-2022,162.7052002,165.6065995,162.0439993,164.1855047,60276900
09-08-2022,162.7545013,163.6426928,161.1064312,161.8663249,63135500
10-08-2022,167.0178223,167.1165002,164.7085359,165.478293,70170500
11-08-2022,166.2776489,168.7448227,165.9815851,167.8270262,57149200
12-08-2022,169.8402557,169.9093288,167.1756959,167.5901944,68039400
15-08-2022,170.9159393,171.1133102,169.100103,169.267869,54091700
16-08-2022,170.7580261,171.4291052,169.4060197,170.5113088,56377100
17-08-2022,172.2580872,173.8370694,170.3040896,170.5014605,79542000
18-08-2022,171.8633423,172.6034945,170.8468678,171.4686005,62290100
19-08-2022,169.267868,171.4587196,169.0606188,170.7580356,70346300
22-08-2022,165.369751,167.6296758,164.9453892,167.4619098,69026800
23-08-2022,165.0342102,166.4947882,164.461824,164.8861858,54147100
24-08-2022,165.3302612,165.9026474,164.0670694,165.123027,53841500
25-08-2022,167.7974396,167.9059958,166.1395058,166.5638526,51218200
26-08-2022,161.4715881,168.8040366,161.4123784,168.3303434,78961000
29-08-2022,159.2610321,160.7610632,157.7215178,159.0340412,73314000
30-08-2022,156.8234558,160.4255239,155.6490785,160.0011772,77906200
31-08-2022,155.1556244,158.4715065,155.076673,158.2050475,87991100
01-09-2022,155.88591,156.3398616,152.639101,154.5832351,74229900
02-09-2022,153.7641602,158.2544201,152.9351933,157.652429,76957800
06-09-2022,152.5009308,155.0273141,151.6719641,154.4154599,73714800
07-09-2022,153.9121704,154.6128393,151.5930211,152.7871398,87449600
08-09-2022,152.4319,154.3069464,150.6752581,152.6095293,84923800
09-09-2022,155.3036804,155.7477838,152.7180866,153.428634,68028800
12-09-2022,161.2840881,162.1031917,157.208327,157.4945126,104956000
13-09-2022,151.8199921,158.4320143,151.3561622,157.8004185,122656600
14-09-2022,153.2706909,155.0371957,151.5930159,152.7575146,87965400
15-09-2022,150.3693237,153.2016499,149.3923324,152.6193853,90481100
16-09-2022,148.7212372,149.3627114,146.4218293,149.2245503,162278800
19-09-2022,152.4515991,152.5305505,147.1422513,147.3494855,81474200
20-09-2022,154.8398285,156.0043424,151.0699946,151.385785,107689800
21-09-2022,151.7015839,156.6556731,151.5831643,155.2740467,101696800
22-09-2022,150.7344666,152.4417467,148.9284934,150.3791929,86652500
23-09-2022,148.4547729,149.4811257,146.6093318,149.2048034,96029900
26-09-2022,148.790329,151.7509377,147.6751615,147.6949032,93339400
27-09-2022,149.7673187,152.6884592,147.9810872,150.7344617,84442700
28-09-2022,147.8725433,148.6620421,142.9381951,145.7014331,146691400
29-09-2022,140.6091766,144.7935092,138.8328083,144.1816548,128138200
30-09-2022,136.385376,141.2210461,136.1880051,139.4249362,124925300
03-10-2022,140.5795593,141.1914287,135.8820659,136.3952422,114311700
04-10-2022,144.1816559,144.3000754,142.3658044,143.1256982,87830100
05-10-2022,144.4777069,145.44485,141.1322195,142.1783139,79471000
06-10-2022,143.5204315,145.6027269,143.3131973,143.8954468,68402200
07-10-2022,138.2505646,141.2210518,137.6189686,140.6683922,85925600
10-10-2022,138.5761871,140.0268862,136.7504879,138.5761871,74899000
11-10-2022,137.1551056,139.4939963,136.4050903,138.0630236,77033700
12-10-2022,136.5235291,138.5170097,136.3458998,137.3031644,70433700
13-10-2022,141.1124878,141.7046005,132.6056617,133.2175311,113224000
14-10-2022,136.5630188,142.6223975,136.3755112,142.4151482,88598000
17-10-2022,140.5401001,141.0236566,138.4281998,139.2176985,85250900
18-10-2022,141.8625336,144.7737965,138.763763,143.5796924,99136600
19-10-2022,141.9710693,143.0467536,139.6420563,139.829564,61758300
20-10-2022,141.5072021,143.9743756,140.7769134,141.1420653,64522000
21-10-2022,145.3362732,145.9086593,140.7769259,140.9940384,86548600
24-10-2022,147.4876404,148.2573974,144.0829437,145.2573208,75981900
25-10-2022,150.3397217,150.4877612,147.3988543,148.1192649,74732300
26-10-2022,147.3889771,149.9943121,146.0961653,148.9778377,88194300
27-10-2022,142.8987274,147.0929234,142.2375266,146.1257954,109180200
28-10-2022,153.6950989,155.4319842,145.8790923,146.2540926,164762400
31-10-2022,151.3265686,152.2147602,149.9252157,151.1489393,97943200
01-11-2022,148.6718903,153.4088671,147.1718594,153.0437302,80379300
02-11-2022,143.1257019,150.1719505,143.096097,146.9942291,93604600
03-11-2022,137.0564575,140.9249846,136.9281597,140.1946957,97918500
04-11-2022,136.789566,141.0302533,132.8355391,140.4569176,140814800
07-11-2022,137.3233337,137.550686,134.1106873,135.5341392,83374600
08-11-2022,137.8966827,139.8044934,135.9097897,138.7962274,89908500
09-11-2022,133.3199005,136.9576132,133.0431198,136.9081848,74917800
10-11-2022,145.1819763,145.1819763,137.8966867,139.6166938,118854000
11-11-2022,147.9794312,148.2858658,142.7106893,144.1440359,93979700
14-11-2022,146.5757599,148.5527731,145.7355232,147.2578319,73374100
15-11-2022,148.315506,151.824707,146.8525206,150.470458,89868300
16-11-2022,147.0799103,148.1474994,145.5971502,147.416014,64218300
17-11-2022,148.9877319,149.7389916,144.470249,144.7470297,80389400
18-11-2022,149.551178,150.9449761,148.2463569,150.5594591,74829600
21-11-2022,146.3088684,148.6417448,146.0222081,148.4341668,58724100
22-11-2022,148.4539185,148.6911655,145.2412719,146.4274919,51804100
23-11-2022,149.3337097,150.0849694,147.6235823,147.7323187,58301400
25-11-2022,146.4077301,147.1688845,145.429103,146.6054284,35195900
28-11-2022,142.5624237,144.9546079,141.7320818,143.471848,69246000
29-11-2022,139.5474701,143.1456334,138.7369026,142.6316058,83763800
30-11-2022,146.3286438,147.0107158,138.934618,139.7748396,111380900
01-12-2022,146.6054077,147.4159903,144.9249496,146.5065661,71250400
02-12-2022,146.111145,146.2989637,143.9759673,144.282417,65447400
05-12-2022,144.9447174,149.1854038,144.0946012,146.0716142,68826400
06-12-2022,141.2674866,145.6070301,140.2888596,145.3796778,64727200
07-12-2022,139.3201447,141.7222088,138.3909459,140.5557781,69721100
08-12-2022,141.0104828,141.8704939,139.4783094,140.7238225,62128300
09-12-2022,140.5261078,143.8969191,139.2805798,140.7040317,76097000
12-12-2022,142.8293304,142.8392101,139.4387448,141.0598951,70462700
13-12-2022,143.7980652,148.2463452,142.5822062,147.7817458,93886200
14-12-2022,141.5640411,144.974386,139.5375995,143.6794447,82291200
15-12-2022,134.9311523,140.1702404,134.466553,139.4881684,98931900
16-12-2022,132.9640198,136.06793,132.1929858,135.118972,160156900
19-12-2022,130.8486176,133.6460931,129.8106977,133.5571311,79592600
20-12-2022,130.7794189,131.7184971,128.3971146,129.8798744,77432800
21-12-2022,133.893219,135.2375886,131.2242541,131.4516064,85928000
22-12-2022,130.7102051,133.0134269,128.8023948,132.805849,77852100
23-12-2022,130.3444672,130.8980284,128.1499815,129.4152686,63814900
27-12-2022,128.5355225,129.8996665,127.2405811,129.8700125,69007800
28-12-2022,124.5913773,129.5240233,124.4233329,128.1796536,85438400
29-12-2022,128.1203461,128.980342,126.2619563,126.5189626,75703700
30-12-2022,128.4366455,128.4564199,125.9653867,126.9341265,77034200
03-01-2023,123.6325226,129.3955104,122.7428651,128.7826412,112117500
04-01-2023,124.9077072,127.1812756,123.6424198,125.4316146,89113600
05-01-2023,123.5830994,126.3014927,123.3260931,125.668849,80962700
06-01-2023,128.1302338,128.7925314,123.4546013,124.5617315,87754700
09-01-2023,128.654129,131.8766702,128.3971227,128.9704584,70790800
10-01-2023,129.2274933,129.7514007,126.6474899,128.7628939,63896200
11-01-2023,131.9557648,131.975524,128.9605907,129.7415043,69458900
12-01-2023,131.8766632,132.7168847,129.9293041,132.3412625,71379600
13-01-2023,133.2111511,133.3693158,130.1467895,130.5125322,57809700
17-01-2023,134.377594,135.7120689,132.5883994,133.280351,63646600
18-01-2023,133.6559906,137.0169072,133.4780516,135.2474869,69672800
19-01-2023,133.7153015,134.6840338,132.2325415,132.5389762,58280400
20-01-2023,136.2854156,136.4337007,132.6773722,133.7251869,80223600
23-01-2023,139.4881592,141.6727653,136.3150465,136.5325192,81760300
24-01-2023,140.8918457,141.5146097,138.6874802,138.6973598,66435100
25-01-2023,140.2295532,140.7929942,137.2146049,139.2707006,65799300
26-01-2023,142.3054504,142.5921108,140.2691137,141.5245216,54105100
27-01-2023,144.2527771,145.5378388,141.435542,141.5146244,70555800
30-01-2023,141.3564453,143.8771402,141.2081754,143.2939249,64015300
31-01-2023,142.6316223,142.6810507,140.6447293,141.0599003,65874500
01-02-2023,143.7584991,144.9249447,139.6957517,142.315288,77663600
02-02-2023,149.0865631,149.442411,146.4670117,147.1886173,118339000
03-02-2023,152.7242584,155.571162,146.1309217,146.32862,154357300
06-02-2023,149.9861298,151.3403943,149.0470513,150.8164869,69858300
07-02-2023,152.8725586,153.4458943,148.9086521,148.9086521,83322600
08-02-2023,150.1739197,152.8033508,149.4325397,152.1113992,64120100
09-02-2023,149.1360016,152.5562414,148.6911766,152.0125597,56007100
10-02-2023,149.5023346,149.8290417,147.7302123,147.9678216,57450700
13-02-2023,152.3139496,152.7198446,149.4131952,149.4428945,62199000
14-02-2023,151.6704254,152.2347417,149.3537919,150.6012065,61707600
15-02-2023,153.7791595,153.9474604,151.3536238,151.5813232,65573800
16-02-2023,152.1753387,154.7691754,151.8189324,151.9773235,68167900
17-02-2023,151.026947,151.4724512,149.3439228,150.8289468,59144100
21-02-2023,146.9975586,149.7894107,146.9282653,148.7003872,58867200
22-02-2023,147.4232941,148.4529041,145.690766,147.383685,51011300
23-02-2023,147.9084015,148.8390191,145.7699782,148.591515,48394200
24-02-2023,145.2452393,145.7204427,144.2651181,145.6412396,55469600
27-02-2023,146.4431458,147.6806656,145.9778371,146.2352509,44998500
28-02-2023,145.9382629,147.5915879,145.3640518,145.5818566,50547000
01-03-2023,143.8592224,145.7600513,143.5622146,145.364051,55479000
02-03-2023,144.4532471,145.2452629,142.4633051,142.9385237,52238100
03-03-2023,149.52211,149.6013131,145.8590539,146.5619568,70732300
06-03-2023,152.2941589,154.7394996,151.9278579,152.2545498,87558000
07-03-2023,150.0864105,152.4921418,149.6211019,152.1654348,56182000
08-03-2023,151.3437195,151.937735,150.3141096,151.2843209,47204800
09-03-2023,149.0865021,152.9970622,148.7300957,152.0268507,53833600
10-03-2023,147.0173645,149.4330058,146.1362509,148.7102984,68572400
13-03-2023,148.9676971,151.6110378,146.2253488,146.3342512,84457100
14-03-2023,151.0665283,151.8684388,148.6013983,149.7696099,73695900
15-03-2023,151.4625549,151.7199537,148.4231985,149.6805231,77167900
16-03-2023,154.2939911,154.8979014,150.1260173,150.6408298,76161100
17-03-2023,153.4524689,155.175102,152.7396562,154.5216879,98944600
20-03-2023,155.8285065,156.2443265,152.6109546,153.5217826,73641400
21-03-2023,157.689743,157.8085401,154.9770938,155.7493202,73938300
22-03-2023,156.2542267,160.5211932,156.2344221,157.7095514,75701800
23-03-2023,157.3432312,159.9370833,156.1057112,157.2442387,67622100
24-03-2023,158.6500702,158.739168,156.2740377,157.2739485,59196500
27-03-2023,156.6997528,159.1648984,156.2938426,158.3431832,52390300
28-03-2023,156.0760193,156.9076442,154.4226943,156.3928317,45992200
29-03-2023,159.1648712,159.4420745,157.7590504,157.7788398,51305700
30-03-2023,160.7389984,160.8479008,159.6598846,159.9172833,49501700
31-03-2023,163.2536163,163.352624,160.2934785,160.8181857,68749800
03-04-2023,164.5109406,164.6297376,162.5804126,162.6299164,56976200
04-04-2023,163.9763641,165.1742751,163.4615516,164.9366809,46278300
05-04-2023,162.125,163.402129,160.1845773,163.0952265,51511700
06-04-2023,163.016037,163.3130448,160.3825908,160.8082904,45390100
10-04-2023,160.4122772,160.4122772,158.4817492,159.8083669,47716900
11-04-2023,159.1945648,160.7389873,158.9074517,160.7290925,47644200
12-04-2023,158.5015717,160.4419946,158.1847593,159.6103848,50133100
13-04-2023,163.9070435,164.1446527,159.8083779,160.0162879,68445600
14-04-2023,163.5605621,164.6594806,162.1844404,162.9467419,49386500
17-04-2023,163.580307,163.7387132,162.3922911,163.4417054,41516200
18-04-2023,164.8079681,165.7385856,163.9961478,164.441667,49923000
19-04-2023,165.9563751,166.4810824,163.8872303,164.1446442,47720200
20-04-2023,164.9861603,166.193981,163.9070465,164.4317537,52456400
21-04-2023,163.3724518,164.7881675,162.8477445,163.4021511,58337300
24-04-2023,163.6793365,163.9466451,162.2537112,163.3526295,41949600
25-04-2023,162.1349182,164.6495521,162.0953091,163.5407391,48714100
26-04-2023,162.125,163.6298284,161.1745932,161.4319919,45498800
27-04-2023,166.7285767,166.877073,163.5407243,163.5407243,64902300
28-04-2023,167.9859009,168.1542169,166.2038842,166.8077946,55209200
01-05-2023,167.8967896,168.7482038,166.9562775,167.589887,52472900
02-05-2023,166.8572693,168.6492107,165.8672534,168.3917969,48425700
03-05-2023,165.7781677,169.2135243,165.4910697,167.8077034,65136000
04-05-2023,164.1347351,165.372255,162.6695158,163.2437268,81235400
05-05-2023,171.8370819,172.5597893,169.0551243,169.272929,113316400
08-05-2023,171.7677765,172.1142881,170.3916548,170.7579559,55962800
09-05-2023,170.0550537,171.8073712,169.8867528,171.322273,45326900
10-05-2023,171.827179,172.2924877,170.1837487,171.2925769,53724500
11-05-2023,172.015274,172.8468838,170.451047,172.1142817,49514700
12-05-2023,171.0833588,172.5605131,169.5268767,172.1243012,45497800
15-05-2023,170.5876617,171.7178403,169.9928246,171.668268,37266700
16-05-2023,170.5876617,171.6484361,170.3199835,170.5083491,42110300
17-05-2023,171.2023468,171.4402696,168.9518977,170.2307933,57951600
18-05-2023,173.5420074,173.7303731,171.0932844,171.5096645,65496700
19-05-2023,173.6510773,174.8704771,173.4329713,174.8704771,55772400
22-05-2023,172.6993256,173.2049418,171.9557865,172.4812196,43570900
23-05-2023,170.082077,171.8864057,169.8044903,171.6385594,50747300
24-05-2023,170.3596649,170.9346703,169.051044,169.6161259,45143500
25-05-2023,171.4997559,172.401905,170.2109519,170.9247505,56058300
26-05-2023,173.9187164,174.2557989,171.6187104,171.826908,54835000
30-05-2023,175.7726288,177.4480725,175.0489217,175.4355614,55964400
31-05-2023,175.723053,177.8049683,175.2372687,175.8023656,99625300
01-06-2023,178.5385742,178.5683146,175.4057931,176.169164,68901800
02-06-2023,179.3911743,180.214026,177.7157307,179.470487,61945900
05-06-2023,178.0329742,183.3567085,176.5062324,181.0567024,121946500
06-06-2023,177.6661835,178.5683327,175.9015035,178.4196309,64848400
07-06-2023,176.2881622,179.6489582,175.7924695,176.9028163,61944600
08-06-2023,179.0144653,179.2821285,175.9312562,176.3674531,50214900
09-06-2023,179.4010925,180.660141,179.0739336,179.9364339,48870700
12-06-2023,182.2066956,182.3058401,179.4109969,179.7084155,54274900
13-06-2023,181.7308502,182.5636103,180.8683498,181.2252491,54929100
14-06-2023,182.3653259,182.8015379,180.4519595,181.7903206,57462900
15-06-2023,184.4075928,184.913209,182.1968076,182.3752648,65433200
16-06-2023,183.3269653,185.3791401,182.6825709,185.1213703,101235600
20-06-2023,183.416214,184.4968356,182.8213918,182.8213918,49799100
21-06-2023,182.3752747,183.8127805,181.0170663,183.3071643,49515700
22-06-2023,185.3890533,185.4386256,182.0877384,182.1571427,51245300
23-06-2023,185.0717926,185.9442165,183.416181,183.9515375,53079300
26-06-2023,183.6739655,186.4300155,183.6343016,185.2205242,48088700
27-06-2023,186.4399261,186.7670851,184.0705158,184.2886218,50730800
28-06-2023,187.6196747,188.2640691,185.9838949,186.3110388,51216800
29-06-2023,187.9567566,188.4326325,187.3123621,187.4511555,46347300
30-06-2023,192.2990265,192.8046276,189.6123654,189.9791883,85069600
03-07-2023,190.8020172,192.2097825,190.1080354,192.1106379,31458200
05-07-2023,189.6817627,191.3175425,188.9778724,189.9197006,46920300
06-07-2023,190.1576233,190.3658209,187.5701069,188.2045929,45094300
07-07-2023,189.0373688,191.0102312,188.6011719,189.761091,46778000
10-07-2023,186.9851837,188.3533003,185.4287015,187.6295781,59922200
11-07-2023,186.4597473,187.6692386,184.9925013,187.5304452,46638100
12-07-2023,188.1352081,190.0485747,186.8464041,188.0459719,60750200
13-07-2023,188.8985748,189.5429844,188.1451273,188.8589261,41342300
14-07-2023,189.047287,189.5330562,187.9964209,188.591243,41573900
17-07-2023,192.3188324,192.6459913,190.1576047,190.2468257,50520200
18-07-2023,192.0610809,192.6559182,190.7623685,191.6843648,48353800
19-07-2023,193.419281,196.5223068,190.9903749,191.4365104,80507300
20-07-2023,191.4662476,194.7774708,190.84167,193.4093543,59581200
21-07-2023,190.286499,193.2903953,189.5826088,192.4278949,71917800
24-07-2023,191.0895233,193.2309193,190.5938306,191.7438413,45377800
25-07-2023,191.9520264,192.7649696,191.2580596,191.6645313,37283200
26-07-2023,192.8244476,193.9546263,191.6546202,192.001596,47471900
27-07-2023,191.555481,195.5011905,190.8912546,194.331363,47460200
28-07-2023,194.1429901,194.9361014,192.4675465,192.9929795,48291400
31-07-2023,194.7576294,194.7972933,193.5778785,194.3709898,38824100
01-08-2023,193.924881,195.0352277,193.597722,194.5494586,35175100
02-08-2023,190.92099,193.4985828,190.1972829,193.3597894,50389300
03-08-2023,189.5231323,190.7127917,189.0472716,189.9196955,61235200
04-08-2023,180.4222107,185.7657767,180.3528065,183.9217995,115799700
07-08-2023,177.3092804,181.5524086,175.8222023,180.5610232,97576100
08-08-2023,178.2510986,178.717051,176.0502218,178.1420456,67823000
09-08-2023,176.654953,179.3713391,175.4851105,179.3118584,60378500
10-08-2023,176.4368286,179.1928783,176.0700209,177.9338148,54686900
11-08-2023,176.4963989,177.3203617,175.2654308,176.0298326,51988100
14-08-2023,178.1542664,178.3825886,176.0199005,176.6751021,43675600
15-08-2023,176.1588898,178.1741185,175.7618062,177.5784931,43622600
16-08-2023,175.2853088,177.2409615,175.2158109,175.8412319,46964900
17-08-2023,172.7339935,176.2184497,172.2177728,175.8511466,66062900
18-08-2023,173.2204285,173.8259908,170.7088378,171.0463603,61114200
21-08-2023,174.5605927,174.8484911,172.4758812,173.796206,46311900
22-08-2023,175.9404907,176.3872135,174.9676253,175.7717294,42084200
23-08-2023,179.8021851,180.2290643,177.0324915,177.2211115,52722800
24-08-2023,175.0966644,179.7823229,174.7293462,179.3554437,54945800
25-08-2023,177.3104401,177.8465044,174.5407467,176.0893937,51449600
28-08-2023,178.8789673,179.2760509,177.2509003,178.7796888,43820700
29-08-2023,182.7803802,183.5547039,178.1939992,178.392541,53003900
30-08-2023,186.2846832,186.4832402,183.3958674,183.5944092,60813900
31-08-2023,186.503067,187.7439721,186.1159052,186.4732865,60794500
01-09-2023,188.0814972,188.5381418,186.910075,188.1112777,45732600
05-09-2023,188.3197479,188.5977094,186.2449583,186.9100816,45280000
06-09-2023,181.5791626,187.475946,180.1496375,187.029208,81755800
07-09-2023,176.2680969,176.9133767,172.2773416,173.9054086,112488800
08-09-2023,176.8835602,178.9285844,176.4963984,177.0523366,65551300
11-09-2023,178.0549774,178.9881404,176.0496707,178.7598181,58953100
12-09-2023,175.0172729,178.8194083,173.5480454,178.1840655,90370200
13-09-2023,172.9424591,176.0099727,172.7141217,175.2257122,84267900
14-09-2023,174.4613342,174.8187155,172.3170466,172.7339889,60895800
15-09-2023,173.736618,175.2157822,172.5552892,175.1959235,109205100
18-09-2023,176.6750793,178.0748237,174.8881732,175.1959152,67257600
19-09-2023,177.7671051,178.3230282,175.841218,176.2283798,51826900
20-09-2023,174.21315,178.3925098,174.1237933,177.9557088,58436200
21-09-2023,172.6644897,175.0172561,172.5950069,173.279989,63047900
22-09-2023,173.518219,175.7915654,172.7836129,173.399097,56725400
25-09-2023,174.7988586,175.6823825,172.8828933,172.9325325,46172700
26-09-2023,170.7088318,173.925248,170.4110115,173.5480231,64588900
27-09-2023,169.1899414,171.7809516,167.8199926,171.3640094,66921800
28-09-2023,169.4480743,170.778321,166.4004042,168.1078908,56294400
29-09-2023,169.9643097,171.8107772,169.1006294,170.7684138,51814200
02-10-2023,172.4858246,173.0318259,169.6863352,169.9742336,52164500
03-10-2023,171.1456299,172.3666914,169.5771391,171.0066491,49594600
04-10-2023,172.3964539,172.9424551,169.7260239,169.8451459,53020300
05-10-2023,173.6373749,174.1734392,171.4235892,172.5255136,48527900
06-10-2023,176.1986084,176.6949705,171.9199547,172.535454,57224100
09-10-2023,177.6876984,177.7472594,174.520906,175.5235519,42390800
10-10-2023,177.0920258,178.4123504,176.6552248,176.8041425,43698000
11-10-2023,178.4917908,178.54143,176.3078008,176.9034262,47551100
12-10-2023,179.3951874,181.0133174,177.7373247,178.7598445,56743100
13-10-2023,177.5487061,180.6062829,176.8438653,180.099999,51427100
16-10-2023,177.419632,177.7770132,175.2257053,175.4639645,52517000
17-10-2023,175.8610535,177.1218172,173.5281611,175.3646915,57549400
18-10-2023,174.5605927,176.2879379,173.8359083,174.3024899,54764400
19-10-2023,174.1833801,176.5460532,173.9153404,174.7591468,59302900
20-10-2023,171.6221313,174.1436437,171.3838721,174.0344434,64189300
23-10-2023,171.7412567,172.7439025,168.6935867,169.6664671,55980100
24-10-2023,172.1780548,172.4063771,170.2025286,171.7908931,43816600
25-10-2023,169.8551025,171.8008333,169.4083646,170.6294261,57157000
26-10-2023,165.6757202,170.1330568,164.4645956,169.1303958,70625300
27-10-2023,166.996048,167.7306693,165.6161621,165.6955818,58499100
30-10-2023,169.0509491,169.924551,167.641283,167.7902006,51131000
31-10-2023,169.5274963,169.6565402,166.6783679,168.11783,44846000
01-11-2023,172.7042084,172.9623112,168.8822146,169.7558167,56934900
02-11-2023,176.2780304,176.486494,174.1833819,174.2429429,77334800
03-11-2023,175.3647003,175.5334767,172.088723,172.9722468,79763700
06-11-2023,177.9259491,178.1244909,174.927933,175.0966943,63841300
07-11-2023,180.4971008,181.1125849,177.6678311,177.8762947,70530000
08-11-2023,181.5593109,182.115234,180.2687665,181.0232466,49340300
09-11-2023,181.0828094,182.7803592,180.4871689,181.6288107,53763500
10-11-2023,185.2875519,185.4565507,182.434685,182.8720615,66133400
13-11-2023,183.6970978,184.9197528,183.1106226,184.7110146,43627500
14-11-2023,186.3213654,186.987365,185.1881695,186.5798082,60108400
15-11-2023,186.8879395,188.3690525,186.6593164,186.7289059,53790500
16-11-2023,188.5778046,189.8203445,187.524118,188.4386407,54412900
17-11-2023,188.5579224,189.2438068,187.4446114,189.1145778,50922700
20-11-2023,190.3074036,190.7646649,188.7467814,188.7567162,46505100
21-11-2023,189.502243,190.376996,188.6076204,190.2676519,38134500
22-11-2023,190.1682434,191.7785703,189.6911123,190.347177,39617700
24-11-2023,188.8362427,189.7606851,188.1205385,189.7308653,24048300
27-11-2023,188.6573029,189.5320558,187.7726151,188.7865319,40552600
28-11-2023,189.2636719,189.9396215,188.26964,188.6473769,38415400
29-11-2023,188.2398224,190.9435905,187.8422157,189.76069,43014200
30-11-2023,188.8163452,189.1841473,187.0668546,188.7070011,48794400
01-12-2023,190.0986786,190.4167609,188.1006646,189.1941059,45679300
04-12-2023,188.2994537,188.9157638,186.3312748,188.8461743,43389500
05-12-2023,192.2656555,193.2398026,189.0449866,189.0748215,66628400
06-12-2023,191.1722107,193.5976356,190.9634573,193.2894882,41089700
07-12-2023,193.1105804,193.8362195,192.4346309,192.4744006,47477700
08-12-2023,194.5419769,194.8203046,192.5141435,193.0409792,53377300
11-12-2023,192.0270996,192.3352623,190.2776087,191.9575253,60943700
12-12-2023,193.5479584,193.5578932,190.5757975,191.9276815,52696900
13-12-2023,196.7785797,196.8183343,193.6871396,193.9256976,70404200
14-12-2023,196.9276733,198.4286561,194.989314,196.8382141,66831600
15-12-2023,196.3909149,197.2159482,195.8243094,196.3511451,128256700
18-12-2023,194.7209167,195.4565058,193.2298688,194.9197201,55751900
19-12-2023,195.7646484,195.7745833,194.7209119,194.9893048,40714100
20-12-2023,193.6672363,196.5002181,193.6672363,195.7248745,52242800
21-12-2023,193.5181274,195.9038132,192.3451771,194.9296661,46482500
22-12-2023,192.4445953,194.2437908,191.8183503,194.0151525,37122800
26-12-2023,191.8978729,192.7328561,191.6791847,192.4545284,28919300
27-12-2023,191.9972687,192.3451859,189.9495652,191.3412191,48087700
28-12-2023,192.4247131,193.4982695,192.0171564,192.9813686,34049900
29-12-2023,191.3809662,193.239801,190.5857376,192.7427851,42628800
02-01-2024,184.5320892,187.3153817,182.7925333,186.033072,82488700
03-01-2024,183.1503906,184.7706676,182.3352771,183.1205709,58414500
04-01-2024,180.8243408,181.9972911,179.8004892,181.0628988,71983600
05-01-2024,180.0986938,181.6692661,179.0947271,180.9038724,62303300
08-01-2024,184.4525757,184.4923455,180.4168082,181.0032834,59144500
09-01-2024,184.0350647,184.0449996,181.6394442,182.8223446,42841800
10-01-2024,185.0788116,185.2875499,182.8223549,183.2497965,46792900
11-01-2024,184.4823608,185.933654,182.524117,185.426688,49128400
12-01-2024,184.8104095,185.625523,184.0847705,184.9495734,40444700
16-01-2024,182.5340881,183.1603179,179.8501898,181.07286,65603000
17-01-2024,181.5897369,181.8382449,179.2239514,180.1881635,47317400
18-01-2024,187.5042419,188.0111928,184.7209496,184.9793924,78005800
19-01-2024,190.4167633,190.8044352,187.6931254,188.2000762,68741000
22-01-2024,192.7328491,194.1642575,191.1125722,191.152342,60133900
23-01-2024,194.015152,194.5817575,192.6732179,193.8561184,42355600
24-01-2024,193.3392181,195.2080031,193.1801694,194.2537257,53631300
25-01-2024,193.0111694,195.0986425,191.9574981,194.0549059,54822100
26-01-2024,191.2716064,193.5976373,190.7944754,193.1105714,44594000
29-01-2024,190.5857544,191.0529507,188.4485916,190.8640821,47145600
30-01-2024,186.9177704,190.6553404,186.35118,189.8004723,55859400
31-01-2024,183.2994843,185.9833826,183.2497948,185.923728,55467800
01-02-2024,185.7447968,185.834256,182.7229465,182.8919301,64885400
02-02-2024,184.7408447,186.2120078,178.1802278,178.7865879,102518000
05-02-2024,186.5598907,188.120528,184.7308758,187.0270869,69668800
06-02-2024,188.1702576,188.1801924,185.6553579,185.7448171,43490800
07-02-2024,188.2795868,189.9097985,187.4843582,189.5022418,53439000
08-02-2024,187.196106,188.408811,186.2318937,188.2597123,40962000
09-02-2024,187.9624786,189.0971204,187.1164673,187.7634064,45155200
12-02-2024,186.2704468,187.7833075,185.9121381,187.5344824,41781900
13-02-2024,184.1703644,185.3348791,182.6475561,184.8969445,56529500
14-02-2024,183.2845612,184.6580806,181.582606,184.449076,54630500
15-02-2024,182.9959259,183.62297,180.4977275,182.6873852,65434500
16-02-2024,181.4532166,183.9812881,180.8162249,182.5580006,49701400
20-02-2024,180.7067261,181.5726325,179.15406,180.9356409,53665600
21-02-2024,181.4631653,182.0304786,179.8109631,181.0849463,41529700
22-02-2024,183.5035248,184.0907635,181.6025126,182.6177081,52292200
23-02-2024,181.6622314,184.1703775,181.3735858,184.1405197,45119700
26-02-2024,180.3086243,181.9010958,179.8010113,181.3835505,40867400
27-02-2024,181.7717133,183.0556441,178.7161338,180.2489049,54318900
28-02-2024,180.5673981,182.2594057,179.2834672,181.6522719,48953900
29-02-2024,179.9005432,181.7119972,178.6862755,180.4181037,136682600
01-03-2024,178.8156738,179.6815803,176.5463901,178.7061902,73488000
04-03-2024,174.2770844,176.0686127,172.9732282,175.3221375,81510100
05-03-2024,169.3204956,171.2314705,168.8228454,169.9574872,95132400
06-03-2024,168.3251801,170.435227,167.8872455,170.256065,68587700
07-03-2024,168.2057648,169.9276302,167.698167,168.3550538,71765100
08-03-2024,169.9276276,172.8836709,168.1460466,168.2057622,76114600
11-03-2024,171.9381409,173.5604854,171.2414336,172.1272504,60139500
12-03-2024,172.4158783,173.2121216,170.2063103,172.3362524,59825400
13-03-2024,170.3257599,172.3760763,169.9574884,171.9580519,52488700
14-03-2024,172.1869507,173.4907916,171.2414184,172.0973773,72913500
15-03-2024,171.8087311,171.8087311,169.4896796,170.3655487,121664700
18-03-2024,172.9035797,176.8748336,172.7045227,174.7448915,75604200
19-03-2024,175.2524872,175.7799952,172.2168181,173.5206591,55215200
20-03-2024,177.830307,177.830307,174.26713,174.8941741,53423100
21-03-2024,170.564621,176.6558696,170.037113,176.217935,106181300
22-03-2024,171.4703522,172.2367377,169.2607841,170.9527917,71106600
25-03-2024,170.0470734,171.1319471,168.6536437,169.7683905,54288300
26-03-2024,168.9124298,170.6143849,168.7830359,169.2010602,57388400
27-03-2024,172.4955139,172.7841595,169.3105556,169.6091488,60273300
28-03-2024,170.6740875,171.4205627,169.708645,170.9428229,65672700
01-04-2024,169.2309265,170.4451942,168.6835083,170.3854786,46240500
02-04-2024,168.0464935,168.5441437,167.4393598,168.2853711,49329500
03-04-2024,168.8526917,169.8778498,167.7877282,167.9967328,47691700
04-04-2024,168.0266266,171.1120488,168.0266266,169.4897043,53704400
05-04-2024,168.78302,169.5892108,168.155976,168.7929676,42055200
08-04-2024,167.6583405,168.4048157,167.4493359,168.2356165,37425500
09-04-2024,168.8726044,169.2806811,167.5588158,167.9071618,42451200
10-04-2024,166.9914856,168.2953266,166.3246362,168.0066962,49709300
11-04-2024,174.2173615,174.6354009,167.3697056,167.5488523,91070300
12-04-2024,175.7202911,177.5217825,173.3912918,173.4410447,101593300
15-04-2024,171.878418,175.7999037,171.6893085,174.5358681,73531800
16-04-2024,168.5839844,172.9433897,167.4792003,170.9428414,73711200
17-04-2024,167.2104645,169.8480044,167.2104645,168.8128987,50901200
18-04-2024,166.2549591,167.8474457,165.7672717,167.2403119,43122900
19-04-2024,164.2245636,165.6179781,163.3088891,165.4288837,67772100
22-04-2024,165.0606079,166.4739326,163.9956444,164.7421197,48116400
23-04-2024,166.1156311,166.2649353,164.1449406,164.5729276,49537800
24-04-2024,168.2256622,168.5043451,165.4288708,165.7573065,48251800
25-04-2024,169.0915833,169.8082008,167.3597551,168.7332745,50558300
26-04-2024,168.5043335,170.5347393,168.3848871,169.0816095,44838400
29-04-2024,172.6846008,175.2027094,172.2864868,172.5552069,68169400
30-04-2024,169.5294952,174.1675981,169.2010443,172.515396,65934800
01-05-2024,168.5043335,171.898311,168.315224,168.7830163,50383100
02-05-2024,172.2168274,172.6049939,170.0868851,171.6992669,94214900
03-05-2024,182.5181885,186.121171,181.801571,185.7728098,163224100
06-05-2024,180.8560333,183.3343215,179.5720874,181.4930249,78569700
07-05-2024,181.5427704,184.0310212,180.4678594,182.5878387,77305800
08-05-2024,181.8811951,182.209646,180.5972491,181.9906787,45057100
09-05-2024,183.7026062,183.7921796,181.2541605,181.7020426,48983000
10-05-2024,182.4368591,184.4700193,181.5199426,184.2806532,50759500
13-05-2024,185.6560211,186.4732817,184.0015779,184.8188385,72044800
14-05-2024,186.8021545,187.6692506,185.6659738,186.8818884,52393600
15-05-2024,189.0845184,190.011396,186.7423839,187.2805836,70400000
16-05-2024,189.2041016,190.4598908,189.0247118,189.8319962,52845200
17-05-2024,189.2339935,190.1708473,188.5463024,188.8751988,41282900
20-05-2024,190.4000854,191.2771427,188.3768864,188.6958218,44361300
21-05-2024,191.7057037,192.0844205,190.2804858,190.4499145,42309400
22-05-2024,190.2605438,192.1741259,189.6326645,191.6259651,34648500
23-05-2024,186.2540283,190.360223,186.0048657,190.3402858,51005900
24-05-2024,189.3436279,189.9416242,187.4101238,188.1875251,36294600
28-05-2024,189.3535919,192.3535038,188.4665738,190.8684894,52280100
29-05-2024,189.6526031,191.6060447,188.875217,188.9748882,53068000
30-05-2024,190.6492462,191.5362645,189.9914685,190.1210227,49947900
31-05-2024,191.6060333,191.9249687,189.2738751,190.798749,75158300
03-06-2024,193.3800659,194.3368569,191.8751294,192.2538462,50080500
04-06-2024,193.6989899,194.6657419,192.3834042,193.9880118,47471400
05-06-2024,195.2138977,196.2404463,194.2172474,194.7454708,54156800
06-06-2024,193.8285522,195.8417902,193.5195931,195.0345058,41181800
07-06-2024,196.230484,196.2803196,193.4896956,193.9979818,53103900
10-06-2024,192.4730988,196.6391049,191.5063468,196.2404356,97262100
11-06-2024,206.4561157,206.466092,192.9814138,193.0013359,172373300
12-06-2024,212.356308,219.462415,206.2069616,206.6753885,198134300
13-06-2024,213.5223694,216.0239562,210.8912132,214.0206945,97862700
14-06-2024,211.7782288,214.4492443,210.5922125,213.1336738,70122700
17-06-2024,215.9442291,218.2165907,212.0074633,212.6552799,93728300
18-06-2024,213.5721893,217.8976633,212.2865171,216.8611384,79943300
20-06-2024,208.9776306,213.5223688,208.1504242,213.2133945,86172500
21-06-2024,206.7949982,211.1802539,206.4162661,209.6852783,246421400
24-06-2024,207.4428101,211.9875334,205.8979989,207.0242187,80727000
25-06-2024,208.3696899,210.6719498,207.9112241,208.4494086,56713900
26-06-2024,212.5356903,214.140298,209.9344322,210.7915522,66213200
27-06-2024,213.3828583,215.0173643,211.6387201,213.9708784,49772700
28-06-2024,209.9144897,215.3462463,209.5955695,215.0472481,82542700
01-07-2024,216.0239563,216.7814051,211.2101334,211.3795622,60402900
02-07-2024,219.5321808,219.6418129,214.3795002,215.4259709,58046200
03-07-2024,220.8078918,220.8078918,218.2963287,219.2630807,37369800
05-07-2024,225.5818329,225.691465,220.9075404,220.9075404,60412400
08-07-2024,227.0568848,227.0867831,222.5021855,226.3293191,59085900
09-07-2024,227.9139862,228.6315756,225.6117264,227.1664985,48076100
10-07-2024,232.1996002,232.2992713,228.4820986,228.5319341,62627700
11-07-2024,226.807724,231.6115707,225.0137504,230.6149204,64710600
12-07-2024,229.7677612,231.860733,227.913991,228.1531926,53046500
15-07-2024,233.6148376,236.43536,232.3092281,235.6878722,62631300
16-07-2024,234.033432,235.4785719,231.5517673,234.2128218,43234300
17-07-2024,228.113327,230.6846866,225.8808249,228.6814098,57345900
18-07-2024,223.4290619,229.6681026,221.5254713,229.5086349,66034600
19-07-2024,223.5586395,226.0403044,222.5320909,224.0669409,49151500
22-07-2024,223.2098083,227.0170046,222.3427122,226.2495796,48201800
23-07-2024,224.2563019,226.1798451,221.9341046,223.6184462,39960300
24-07-2024,217.8079529,224.0469936,216.4026875,223.2496703,61777600
25-07-2024,216.7614899,220.1102356,213.901093,218.1966536,51391200
26-07-2024,217.2299042,218.7547779,215.2864239,217.9674157,41601300
29-07-2024,217.5089722,218.5654191,215.0273074,216.233261,36311800
30-07-2024,218.0671082,219.591982,215.3960772,218.4558012,41643800
31-07-2024,221.3361053,223.0702824,219.8909654,220.6982497,50036300
01-08-2024,217.6285553,223.7280501,216.2930476,223.618418,62501000
02-08-2024,219.1235504,224.844329,216.9807582,218.415922,105568600
05-08-2024,208.5690155,212.7848421,195.3434616,198.4231074,119548600
06-08-2024,206.5358429,209.2866075,200.3964884,204.6123151,69660500
07-08-2024,209.1171722,212.9243685,205.6986538,206.20694,63516400
08-08-2024,212.5954742,213.4824924,208.1304851,212.3961472,47161100
09-08-2024,215.515686,216.0538706,211.2599846,211.389554,42201600
12-08-2024,217.0522919,219.0279394,215.1265376,215.5955066,38028100
13-08-2024,220.7840881,221.4027217,218.5290414,218.5290414,44155300
14-08-2024,221.2330933,222.540214,219.217525,220.0856248,41960600
15-08-2024,224.2265015,224.8551228,222.2707991,224.1067699,46414000
16-08-2024,225.5535889,226.3318747,223.1588502,223.4282616,44340200
19-08-2024,225.3939209,225.4937074,222.5501737,225.2242961,40687800
20-08-2024,226.0125732,226.6711275,224.9549035,225.274208,30299000
21-08-2024,225.9028168,227.4793489,224.5557905,226.0225636,34765500
22-08-2024,224.036911,227.8385415,223.4082897,227.2897463,43695300
23-08-2024,226.3418427,227.718817,223.8373602,225.1644413,38677300
26-08-2024,226.6810913,226.7808778,223.3983231,226.2620155,30602200
27-08-2024,227.5292358,228.3474424,224.396132,225.503695,35934600
28-08-2024,225.9926147,229.3552091,225.1843808,227.419467,38052200
29-08-2024,229.2853699,232.4085012,228.3773798,229.5947019,51906300
30-08-2024,228.4971008,229.8940202,226.9804346,229.6844899,52990800
03-09-2024,222.2807922,228.4971066,220.6842998,228.0480979,50190600
04-09-2024,220.3650055,221.2929558,217.0023959,221.1732242,43840200
05-09-2024,221.8916473,224.9848304,221.0335353,221.1432944,36615400
06-09-2024,220.3350677,224.7453592,219.2873706,223.4581836,48423000
09-09-2024,220.424881,220.784091,216.2341073,220.3350823,67180000
10-09-2024,219.6266174,220.9936039,216.2540354,218.4392284,51591000
11-09-2024,222.1710358,222.6000842,217.4115066,220.973674,44587100
12-09-2024,222.2807922,223.0590781,219.3372736,222.0113809,37498200
13-09-2024,222.0113678,223.5479791,221.4226672,223.0889978,36766600
16-09-2024,215.8449554,216.7429729,213.4502169,216.0644583,59357400
17-09-2024,216.3139038,216.4236628,214.0289395,215.2761944,45519300
18-09-2024,220.2053528,222.220921,217.0622613,217.072249,59894900
19-09-2024,228.3673859,229.3153118,224.1367068,224.4959169,66781300
20-09-2024,227.6988525,232.5781131,227.1201244,229.4649697,318679900
23-09-2024,225.9726563,228.9461077,225.314102,226.8407408,54146000
24-09-2024,226.8706818,228.8463446,225.2342839,228.1478696,43556100
25-09-2024,225.872879,226.7908569,223.5280488,224.4360389,42308700
26-09-2024,227.0203552,227.9981988,224.9149883,226.8008371,36636700
27-09-2024,227.2897491,229.0159609,226.800835,227.9582912,34026000
30-09-2024,232.4883118,232.4883118,229.1456626,229.5348055,54541900
01-10-2024,225.7132263,229.1456589,223.2486495,229.0159548,63285000
02-10-2024,226.2819672,226.8706678,222.53023,225.3939223,32880600
03-10-2024,225.174408,226.3119038,222.8295779,224.6455731,34044200
04-10-2024,226.3019409,227.4993026,223.6378062,227.3995161,37245100
07-10-2024,221.2031708,225.1943868,220.8439607,224.0069976,39505400
08-10-2024,225.2742004,225.4837307,222.7597302,223.8074274,31855700
09-10-2024,229.0359192,229.2454647,224.336271,224.7353865,33591100
10-10-2024,228.5370026,228.9959991,226.6711141,227.2797751,28183500
11-10-2024,227.050293,228.9062089,226.8407474,228.7964499,31759200
14-10-2024,230.7920532,231.2211016,228.0979856,228.1977569,39882100
15-10-2024,233.3364563,236.968462,231.8596955,233.0969779,64751400
16-10-2024,231.2709961,231.6102458,229.335254,231.0913987,34082200
17-10-2024,231.6401825,233.3364614,230.0137724,232.9173703,32993800
18-10-2024,234.4839325,235.6613339,233.4961011,235.6613339,46431500
21-10-2024,235.9606781,236.3298759,233.9351373,233.9351373,36254500
22-10-2024,235.342041,235.701251,232.0892056,233.376366,38846600
23-10-2024,230.2532349,234.6236211,227.259823,233.5659513,52287000
24-10-2024,230.0636597,230.3131107,227.9083995,229.4749438,31109500
25-10-2024,230.9018097,232.7078324,229.0658541,229.235479,38802300
28-10-2024,232.8874359,234.214517,232.0393117,232.807625,36087100
29-10-2024,233.1568451,233.8153993,231.8098189,232.5881048,35417200
30-10-2024,229.594696,232.9572905,229.0459008,232.0991785,47070900
31-10-2024,225.4138947,229.3252843,224.875072,228.8363549,64370100
01-11-2024,222.4204865,224.8551306,219.7862846,220.4847443,65276700
04-11-2024,221.5224457,222.3007315,219.2275088,220.5046966,44944500
05-11-2024,222.9592896,223.4581915,220.6543649,221.3129191,28111300
06-11-2024,222.230896,225.5735453,220.7042572,222.121137,54561100
07-11-2024,226.9804382,227.3795689,224.0768403,224.1367061,42137700
08-11-2024,226.7107391,228.408869,226.1613401,226.9205,38328800
11-11-2024,223.9837341,225.4521209,221.2567366,224.7528927,42005600
12-11-2024,223.9837341,225.3422411,223.1146945,224.30339,40398300
13-11-2024,224.872757,226.4010754,222.5153482,223.7639754,48566200
14-11-2024,227.9693604,228.6186404,224.7528955,224.7728778,44923900
15-11-2024,224.7528839,226.6707734,224.0236899,226.1513402,47923700
18-11-2024,227.769577,229.4876892,224.922701,225.002615,44686000
19-11-2024,228.0292816,229.9072217,226.4110657,226.7307063,36211800
20-11-2024,228.7484894,229.6774606,225.6419045,227.8095193,35169600
21-11-2024,228.2690277,229.9072259,225.4621163,228.6286329,42108300
22-11-2024,229.6175385,230.466611,227.8095287,227.8095287,38168300
25-11-2024,232.6142426,232.9938301,229.4876905,231.2058027,90152800
26-11-2024,234.8018341,235.3112837,233.0737384,233.0737384,45986200
27-11-2024,234.6719818,235.4311569,233.5532167,234.2124955,33498400
29-11-2024,237.0693512,237.5488198,233.7130407,234.5521145,28481400
02-12-2024,239.3268585,240.5255375,236.8995347,237.0094145,48137100
03-12-2024,242.3834991,242.4933789,238.6376177,239.5466219,38861000
04-12-2024,242.743103,243.841901,240.9850415,242.6032574,44383900
05-12-2024,242.7730713,244.2714239,241.8640823,243.7220401,40033900
06-12-2024,242.573288,244.3613306,241.8141282,242.6432184,36870600
09-12-2024,246.4790039,246.9684712,241.4844952,241.5644092,44649200
10-12-2024,247.497879,247.9373982,245.07054,246.6188407,36914800
11-12-2024,246.2192841,250.5245479,245.9895257,247.6876708,45205800
12-12-2024,247.6876831,248.4668252,245.4101731,246.6188509,32777500
13-12-2024,247.8574829,249.0161973,245.9695593,247.5478258,33155300
16-12-2024,250.7642822,251.1039204,247.378006,247.7176442,51694800
17-12-2024,253.2015991,253.5512208,249.5056659,249.8053394,51356400
18-12-2024,247.7775726,254.000726,247.4679155,251.8830593,56774100
19-12-2024,249.5156555,251.723235,246.8186239,247.2281773,60882300
20-12-2024,254.2105103,254.7199447,245.4201719,247.7675818,147495300
23-12-2024,254.9896545,255.3692268,253.171646,254.4902037,40858800
24-12-2024,257.9164429,257.9264112,255.0096199,255.2094124,23234700
26-12-2024,258.7355042,259.814335,257.3470467,257.9064292,27237100
27-12-2024,255.3092957,258.415896,252.7820754,257.5468258,42355300
30-12-2024,251.9230194,253.2215947,250.4746149,251.9529852,35557500
31-12-2024,250.1449738,253.0018334,249.1560555,252.1627596,39480700
02-01-2025,243.5821991,248.8264333,241.5544298,248.6566066,55740700
03-01-2025,243.0927277,243.9118192,241.6243409,243.0927277,40244100
06-01-2025,244.7309265,247.0583694,242.9329003,244.0416819,45045600
07-01-2025,241.9440002,245.2803284,241.0849441,242.7131436,40856000
08-01-2025,242.4334412,243.4423416,239.7863577,241.6542991,37628900
10-01-2025,236.5898743,239.8962365,232.7440966,239.7463921,61710900
13-01-2025,234.1425629,234.4122706,229.46771,233.2735232,49630700
14-01-2025,233.0237885,235.8606656,232.2146805,234.4921752,39435300
15-01-2025,237.6087494,238.6975639,234.172525,234.3823011,39832000
16-01-2025,228.0093079,237.7485999,227.7795647,237.0893363,71759100
17-01-2025,229.727417,232.0348776,228.2290644,231.8650661,68488300
21-01-2025,222.3954773,224.1735211,219.1390632,223.7539842,98070400
22-01-2025,223.5841675,223.8738423,219.5485961,219.5485961,64126500
23-01-2025,223.4143677,226.7806617,222.0558607,224.4931834,60234800
24-01-2025,222.5353241,225.3822001,221.1668336,224.5331275,54697900
27-01-2025,229.6075439,231.8950221,223.7339971,223.7739617,94863400
28-01-2025,237.9983215,239.9262098,230.5565067,230.5964713,75707600
29-01-2025,239.0971222,239.5965731,233.7529918,233.8628716,45486100
30-01-2025,237.3290558,240.5255382,236.9494835,238.4078715,55658300
31-01-2025,235.7408142,246.9185273,233.1836282,246.9185273,101075100
03-02-2025,227.7595825,231.5753945,225.4521219,229.737419,73063300
04-02-2025,232.5443268,232.8739662,226.401072,227.0004191,45067300
05-02-2025,232.2146912,232.4144685,228.0193069,228.2790158,39620300
06-02-2025,232.9638672,233.543232,230.1769228,231.0359789,29925300
07-02-2025,227.3800049,233.743004,227.0104009,232.3445477,39707200
10-02-2025,227.6499939,230.5899963,227.1999969,229.5700073,33115600
11-02-2025,232.6199951,235.2299957,228.1300049,228.1999969,53718400
12-02-2025,236.8699951,236.9600067,230.6799927,231.1999969,45243300
13-02-2025,241.5299988,242.3399963,235.5700073,236.9100037,53614100
14-02-2025,244.6000061,245.5500031,240.9900055,241.25,40896200
18-02-2025,244.4700012,245.1799927,241.8399963,244.1499939,48822500
19-02-2025,244.8699951,246.0099945,243.1600037,244.6600037,32204200
20-02-2025,245.8300018,246.7799988,244.2899933,244.9400024,32316900
21-02-2025,245.5500031,248.6900024,245.2200012,245.9499969,53197400
24-02-2025,247.1000061,248.8600006,244.4199982,244.9299927,51326400
25-02-2025,247.0399933,250,244.9100037,248,48013300
26-02-2025,240.3600006,244.9799957,239.1300049,244.3300018,44433600
27-02-2025,237.3000031,242.4600067,237.0599976,239.4100037,41153600
28-02-2025,241.8399963,242.0899963,230.1999969,236.9499969,56833400
03-03-2025,238.0299988,244.0299988,236.1100006,241.7899933,47184000
04-03-2025,235.9299927,240.0700073,234.6799927,237.7100067,53724800
